id,pharmacy_id,medicine_id,quantity,stock_status,reorder_point,last_reorder_date,expiry_date,batch_number,updated_at
1,1,15,93,adequate,29,2026-04-14,2027-05-10,BATCH-01-015-4598,2026-05-09 10:30:44
2,1,4,39,adequate,27,2026-04-21,2026-10-13,BATCH-01-004-4456,2026-05-09 10:30:44
3,1,95,456,overstock,27,2026-03-28,2027-11-19,BATCH-01-095-3340,2026-05-09 10:30:44
4,1,36,28,low,38,2026-04-01,2027-10-19,BATCH-01-036-7543,2026-05-09 10:30:44
5,1,32,157,adequate,39,2026-05-05,2026-11-27,BATCH-01-032-3504,2026-05-09 10:30:44
6,1,29,47,adequate,27,2026-03-31,2027-11-29,BATCH-01-029-9669,2026-05-09 10:30:44
7,1,18,11,low,39,2026-04-21,2027-07-21,BATCH-01-018-2827,2026-05-09 10:30:44
8,1,118,25,low,31,2026-04-27,2028-01-08,BATCH-01-118-2743,2026-05-09 10:30:44
9,1,14,186,adequate,19,2026-04-15,2027-01-19,BATCH-01-014-9837,2026-05-09 10:30:44
10,1,87,366,overstock,30,2026-05-07,2026-11-29,BATCH-01-087-6947,2026-05-09 10:30:44
11,1,113,45,adequate,33,2026-05-03,2026-11-02,BATCH-01-113-8962,2026-05-09 10:30:44
12,1,70,63,adequate,32,2026-04-28,2027-05-05,BATCH-01-070-9645,2026-05-09 10:30:44
13,1,12,169,adequate,37,2026-04-19,2027-09-19,BATCH-01-012-7118,2026-05-09 10:30:44
14,1,76,61,adequate,22,2026-05-04,2027-07-19,BATCH-01-076-1344,2026-05-09 10:30:44
15,1,55,87,adequate,17,2026-03-29,2026-10-06,BATCH-01-055-4750,2026-05-09 10:30:44
16,1,5,1,critical,22,2026-04-21,2027-12-17,BATCH-01-005-4510,2026-05-09 10:30:44
17,1,119,152,adequate,40,2026-04-08,2027-09-27,BATCH-01-119-4119,2026-05-09 10:30:44
18,1,108,7,critical,29,2026-05-05,2026-11-15,BATCH-01-108-1993,2026-05-09 10:30:44
19,1,28,94,adequate,21,2026-04-04,2027-11-09,BATCH-01-028-3296,2026-05-09 10:30:44
20,1,30,94,adequate,29,2026-04-03,2026-11-15,BATCH-01-030-1828,2026-05-09 10:30:44
21,1,65,54,adequate,20,2026-04-12,2027-12-17,BATCH-01-065-8886,2026-05-09 10:30:44
22,1,78,12,low,15,2026-04-14,2027-05-05,BATCH-01-078-8454,2026-05-09 10:30:44
23,1,104,26,low,24,2026-04-25,2026-10-05,BATCH-01-104-9883,2026-05-09 10:30:44
24,1,72,6,critical,30,2026-04-06,2028-02-01,BATCH-01-072-3579,2026-05-09 10:30:44
25,1,26,9,critical,34,2026-05-04,2027-04-04,BATCH-01-026-7615,2026-05-09 10:30:44
26,1,92,10,critical,34,2026-05-03,2027-10-10,BATCH-01-092-9565,2026-05-09 10:30:44
27,1,84,111,adequate,23,2026-04-13,2026-12-19,BATCH-01-084-5915,2026-05-09 10:30:44
28,1,90,148,adequate,18,2026-05-04,2028-02-08,BATCH-01-090-4492,2026-05-09 10:30:44
29,1,109,48,adequate,26,2026-04-20,2027-01-15,BATCH-01-109-8179,2026-05-09 10:30:44
30,1,54,198,adequate,15,2026-03-27,2028-02-25,BATCH-01-054-5905,2026-05-09 10:30:44
31,1,115,260,overstock,18,2026-04-03,2027-01-13,BATCH-01-115-5462,2026-05-09 10:30:44
32,1,58,21,low,31,2026-04-07,2027-04-21,BATCH-01-058-1832,2026-05-09 10:30:44
33,1,107,7,critical,25,2026-04-30,2027-05-02,BATCH-01-107-3647,2026-05-09 10:30:44
34,1,117,174,adequate,18,2026-05-04,2027-01-06,BATCH-01-117-9938,2026-05-09 10:30:44
35,1,1,0,out,28,2026-04-30,2026-09-18,BATCH-01-001-6050,2026-05-09 10:30:44
36,1,21,84,adequate,36,2026-05-02,2027-08-04,BATCH-01-021-7658,2026-05-09 10:30:44
37,1,106,291,overstock,28,2026-05-07,2027-02-06,BATCH-01-106-6442,2026-05-09 10:30:44
38,1,44,99,adequate,40,2026-03-25,2026-11-25,BATCH-01-044-7267,2026-05-09 10:30:44
39,1,111,82,adequate,26,2026-04-19,2027-03-28,BATCH-01-111-4652,2026-05-09 10:30:44
40,1,20,0,out,17,2026-04-21,2027-08-01,BATCH-01-020-9346,2026-05-09 10:30:44
41,1,102,38,adequate,23,2026-04-27,2028-03-23,BATCH-01-102-5349,2026-05-09 10:30:44
42,1,83,0,out,28,2026-03-31,2028-01-12,BATCH-01-083-2894,2026-05-09 10:30:44
43,1,112,96,adequate,37,2026-04-11,2026-08-08,BATCH-01-112-9518,2026-05-09 10:30:44
44,1,103,421,overstock,17,2026-03-27,2027-07-11,BATCH-01-103-6143,2026-05-09 10:30:44
45,1,49,160,adequate,36,2026-04-12,2027-07-07,BATCH-01-049-7592,2026-05-09 10:30:44
46,1,13,80,adequate,36,2026-04-14,2027-02-01,BATCH-01-013-5930,2026-05-09 10:30:44
47,1,46,104,adequate,28,2026-04-01,2028-04-19,BATCH-01-046-6279,2026-05-09 10:30:44
48,1,45,161,adequate,40,2026-04-28,2026-11-01,BATCH-01-045-5649,2026-05-09 10:30:44
49,1,34,54,adequate,36,2026-04-19,2027-03-25,BATCH-01-034-4262,2026-05-09 10:30:44
50,1,6,18,low,29,2026-04-12,2028-03-18,BATCH-01-006-4185,2026-05-09 10:30:44
51,1,59,133,adequate,19,2026-03-28,2026-08-12,BATCH-01-059-2746,2026-05-09 10:30:44
52,1,69,163,adequate,16,2026-04-03,2027-04-19,BATCH-01-069-2988,2026-05-09 10:30:44
53,1,16,174,adequate,39,2026-04-10,2028-04-25,BATCH-01-016-9270,2026-05-09 10:30:44
54,1,88,71,adequate,29,2026-04-22,2027-04-17,BATCH-01-088-5543,2026-05-09 10:30:44
55,1,11,191,adequate,23,2026-04-10,2026-10-25,BATCH-01-011-5681,2026-05-09 10:30:44
56,1,38,21,low,19,2026-04-29,2027-03-31,BATCH-01-038-7275,2026-05-09 10:30:44
57,1,47,137,adequate,25,2026-04-04,2027-11-27,BATCH-01-047-7812,2026-05-09 10:30:44
58,1,37,7,critical,39,2026-04-02,2027-08-31,BATCH-01-037-8814,2026-05-09 10:30:44
59,1,75,0,out,32,2026-04-04,2028-04-15,BATCH-01-075-4613,2026-05-09 10:30:44
60,1,74,155,adequate,27,2026-04-17,2027-09-25,BATCH-01-074-3704,2026-05-09 10:30:44
61,1,105,167,adequate,27,2026-04-01,2028-03-06,BATCH-01-105-1444,2026-05-09 10:30:44
62,1,3,7,critical,16,2026-04-22,2027-08-30,BATCH-01-003-6363,2026-05-09 10:30:44
63,1,43,21,low,39,2026-04-12,2027-04-22,BATCH-01-043-2341,2026-05-09 10:30:44
64,1,120,120,adequate,35,2026-05-04,2026-09-17,BATCH-01-120-1508,2026-05-09 10:30:44
65,1,50,279,overstock,22,2026-04-30,2027-12-04,BATCH-01-050-2874,2026-05-09 10:30:44
66,1,19,96,adequate,20,2026-03-31,2028-04-19,BATCH-01-019-2876,2026-05-09 10:30:44
67,1,71,58,adequate,15,2026-04-19,2028-03-18,BATCH-01-071-7149,2026-05-09 10:30:44
68,1,57,182,adequate,18,2026-03-25,2027-06-11,BATCH-01-057-2983,2026-05-09 10:30:44
69,1,7,119,adequate,28,2026-03-27,2027-08-21,BATCH-01-007-2129,2026-05-09 10:30:44
70,1,25,138,adequate,18,2026-04-11,2027-08-12,BATCH-01-025-8532,2026-05-09 10:30:44
71,1,114,164,adequate,34,2026-04-04,2027-12-15,BATCH-01-114-8616,2026-05-09 10:30:44
72,1,101,113,adequate,17,2026-04-21,2027-11-11,BATCH-01-101-4995,2026-05-09 10:30:44
73,1,41,128,adequate,15,2026-04-07,2027-07-05,BATCH-01-041-3979,2026-05-09 10:30:44
74,1,24,118,adequate,34,2026-03-25,2027-05-16,BATCH-01-024-1166,2026-05-09 10:30:44
75,1,66,92,adequate,30,2026-04-03,2027-04-10,BATCH-01-066-8800,2026-05-09 10:30:44
76,1,64,35,adequate,24,2026-04-24,2027-09-25,BATCH-01-064-4986,2026-05-09 10:30:44
77,1,23,152,adequate,31,2026-04-16,2027-10-16,BATCH-01-023-6419,2026-05-09 10:30:44
78,1,99,109,adequate,22,2026-05-01,2027-02-20,BATCH-01-099-6169,2026-05-09 10:30:44
79,1,56,9,critical,38,2026-04-08,2027-05-17,BATCH-01-056-9595,2026-05-09 10:30:44
80,1,60,106,adequate,26,2026-04-27,2027-06-12,BATCH-01-060-1231,2026-05-09 10:30:44
81,2,17,4,critical,28,2026-05-01,2028-02-15,BATCH-02-017-4683,2026-05-09 10:30:44
82,2,36,49,adequate,20,2026-04-19,2028-04-07,BATCH-02-036-5728,2026-05-09 10:30:44
83,2,6,134,adequate,31,2026-04-04,2027-12-25,BATCH-02-006-8172,2026-05-09 10:30:44
84,2,7,1,critical,15,2026-05-03,2027-03-29,BATCH-02-007-1339,2026-05-09 10:30:44
85,2,71,290,overstock,30,2026-04-05,2027-11-02,BATCH-02-071-5557,2026-05-09 10:30:44
86,2,38,24,low,17,2026-04-08,2027-07-29,BATCH-02-038-7690,2026-05-09 10:30:44
87,2,90,115,adequate,37,2026-04-07,2027-05-29,BATCH-02-090-7561,2026-05-09 10:30:44
88,2,120,147,adequate,25,2026-04-22,2027-07-04,BATCH-02-120-2899,2026-05-09 10:30:44
89,2,82,478,overstock,29,2026-04-12,2026-10-01,BATCH-02-082-4073,2026-05-09 10:30:44
90,2,97,191,adequate,39,2026-05-05,2027-03-03,BATCH-02-097-5375,2026-05-09 10:30:44
91,2,63,155,adequate,15,2026-03-29,2028-04-21,BATCH-02-063-4920,2026-05-09 10:30:44
92,2,14,34,adequate,28,2026-05-03,2027-03-25,BATCH-02-014-2858,2026-05-09 10:30:44
93,2,2,158,adequate,31,2026-04-21,2027-10-06,BATCH-02-002-8905,2026-05-09 10:30:44
94,2,74,275,overstock,27,2026-04-26,2028-04-11,BATCH-02-074-9327,2026-05-09 10:30:44
95,2,37,101,adequate,25,2026-04-06,2027-05-07,BATCH-02-037-1042,2026-05-09 10:30:44
96,2,61,29,low,19,2026-04-10,2028-02-09,BATCH-02-061-8935,2026-05-09 10:30:44
97,2,62,127,adequate,25,2026-04-26,2027-04-08,BATCH-02-062-7274,2026-05-09 10:30:44
98,2,57,12,low,37,2026-04-14,2027-09-06,BATCH-02-057-3492,2026-05-09 10:30:44
99,2,44,159,adequate,18,2026-04-10,2026-11-17,BATCH-02-044-9617,2026-05-09 10:30:44
100,2,24,280,overstock,17,2026-04-08,2027-05-05,BATCH-02-024-6546,2026-05-09 10:30:44
101,2,117,115,adequate,27,2026-04-18,2027-12-19,BATCH-02-117-9864,2026-05-09 10:30:44
102,2,33,0,out,22,2026-05-03,2027-10-25,BATCH-02-033-2612,2026-05-09 10:30:44
103,2,104,73,adequate,15,2026-05-06,2027-07-05,BATCH-02-104-1919,2026-05-09 10:30:44
104,2,15,24,low,31,2026-04-12,2028-03-08,BATCH-02-015-3950,2026-05-09 10:30:44
105,2,9,30,low,30,2026-04-01,2026-12-31,BATCH-02-009-4804,2026-05-09 10:30:44
106,2,52,96,adequate,40,2026-04-09,2027-05-28,BATCH-02-052-9955,2026-05-09 10:30:44
107,2,110,22,low,35,2026-04-11,2027-04-20,BATCH-02-110-8484,2026-05-09 10:30:44
108,2,10,154,adequate,22,2026-04-14,2028-03-14,BATCH-02-010-6881,2026-05-09 10:30:44
109,2,107,199,adequate,23,2026-05-08,2028-03-08,BATCH-02-107-1803,2026-05-09 10:30:44
110,2,81,381,overstock,22,2026-03-29,2027-02-17,BATCH-02-081-5106,2026-05-09 10:30:44
111,2,88,191,adequate,24,2026-04-10,2026-09-10,BATCH-02-088-6977,2026-05-09 10:30:44
112,2,100,114,adequate,20,2026-04-26,2026-12-20,BATCH-02-100-9837,2026-05-09 10:30:44
113,2,20,159,adequate,20,2026-04-22,2027-12-13,BATCH-02-020-5835,2026-05-09 10:30:44
114,2,114,150,adequate,19,2026-04-24,2027-09-17,BATCH-02-114-6992,2026-05-09 10:30:44
115,2,73,7,critical,18,2026-04-09,2027-08-19,BATCH-02-073-5295,2026-05-09 10:30:44
116,2,39,90,adequate,15,2026-03-30,2028-03-03,BATCH-02-039-6374,2026-05-09 10:30:44
117,2,11,438,overstock,37,2026-04-19,2027-09-29,BATCH-02-011-2911,2026-05-09 10:30:44
118,2,32,20,low,18,2026-04-23,2028-02-08,BATCH-02-032-3222,2026-05-09 10:30:44
119,2,16,138,adequate,28,2026-03-28,2026-11-16,BATCH-02-016-9017,2026-05-09 10:30:44
120,2,72,125,adequate,29,2026-04-10,2027-04-05,BATCH-02-072-6942,2026-05-09 10:30:44
121,2,54,6,critical,16,2026-04-13,2027-05-16,BATCH-02-054-4109,2026-05-09 10:30:44
122,2,78,309,overstock,35,2026-03-29,2028-04-09,BATCH-02-078-1349,2026-05-09 10:30:44
123,2,77,6,critical,21,2026-05-04,2028-02-25,BATCH-02-077-4394,2026-05-09 10:30:44
124,2,29,68,adequate,23,2026-04-29,2026-12-18,BATCH-02-029-9850,2026-05-09 10:30:44
125,2,67,14,low,19,2026-05-08,2027-08-08,BATCH-02-067-4898,2026-05-09 10:30:44
126,2,49,98,adequate,19,2026-04-12,2028-01-27,BATCH-02-049-2862,2026-05-09 10:30:44
127,2,58,123,adequate,33,2026-05-02,2027-11-12,BATCH-02-058-9254,2026-05-09 10:30:44
128,2,103,12,low,24,2026-04-09,2026-09-07,BATCH-02-103-1996,2026-05-09 10:30:44
129,2,85,452,overstock,37,2026-04-10,2026-10-21,BATCH-02-085-2323,2026-05-09 10:30:44
130,2,55,63,adequate,34,2026-03-29,2028-03-28,BATCH-02-055-9984,2026-05-09 10:30:44
131,2,40,166,adequate,29,2026-04-06,2028-04-17,BATCH-02-040-8048,2026-05-09 10:30:44
132,2,8,2,critical,29,2026-04-24,2027-10-04,BATCH-02-008-6553,2026-05-09 10:30:44
133,2,13,55,adequate,28,2026-04-18,2027-04-25,BATCH-02-013-7132,2026-05-09 10:30:44
134,2,27,244,overstock,17,2026-04-11,2026-11-13,BATCH-02-027-7105,2026-05-09 10:30:44
135,2,28,181,adequate,32,2026-04-17,2026-12-10,BATCH-02-028-7730,2026-05-09 10:30:44
136,2,34,104,adequate,26,2026-05-02,2028-03-20,BATCH-02-034-9313,2026-05-09 10:30:44
137,2,84,18,low,32,2026-04-15,2026-12-02,BATCH-02-084-5564,2026-05-09 10:30:44
138,2,64,190,adequate,15,2026-03-31,2027-05-07,BATCH-02-064-1474,2026-05-09 10:30:44
139,2,112,21,low,20,2026-04-29,2028-03-08,BATCH-02-112-7566,2026-05-09 10:30:44
140,2,12,1,critical,27,2026-04-12,2027-11-14,BATCH-02-012-6585,2026-05-09 10:30:44
141,2,119,21,low,16,2026-04-29,2027-01-15,BATCH-02-119-1815,2026-05-09 10:30:44
142,2,5,200,adequate,30,2026-03-31,2027-11-02,BATCH-02-005-7785,2026-05-09 10:30:44
143,2,94,14,low,18,2026-04-20,2028-04-05,BATCH-02-094-8972,2026-05-09 10:30:44
144,2,1,87,adequate,34,2026-05-05,2026-08-14,BATCH-02-001-4349,2026-05-09 10:30:44
145,2,76,96,adequate,25,2026-05-01,2026-08-14,BATCH-02-076-9149,2026-05-09 10:30:44
146,2,79,128,adequate,37,2026-04-24,2028-01-01,BATCH-02-079-6802,2026-05-09 10:30:44
147,2,45,1,critical,17,2026-04-18,2028-03-18,BATCH-02-045-8033,2026-05-09 10:30:44
148,2,91,60,adequate,15,2026-04-18,2027-01-29,BATCH-02-091-8538,2026-05-09 10:30:44
149,2,31,142,adequate,22,2026-04-11,2028-04-01,BATCH-02-031-7560,2026-05-09 10:30:44
150,2,19,117,adequate,25,2026-04-28,2026-10-24,BATCH-02-019-9363,2026-05-09 10:30:44
151,2,3,80,adequate,26,2026-03-28,2027-01-05,BATCH-02-003-4871,2026-05-09 10:30:44
152,2,111,5,critical,39,2026-03-28,2026-10-23,BATCH-02-111-3902,2026-05-09 10:30:44
153,2,51,497,overstock,29,2026-03-26,2028-03-07,BATCH-02-051-6295,2026-05-09 10:30:44
154,2,46,143,adequate,30,2026-04-10,2027-06-13,BATCH-02-046-5500,2026-05-09 10:30:44
155,2,48,49,adequate,29,2026-04-10,2026-09-14,BATCH-02-048-1932,2026-05-09 10:30:44
156,2,80,196,adequate,34,2026-03-31,2028-01-08,BATCH-02-080-7299,2026-05-09 10:30:44
157,2,30,146,adequate,35,2026-04-26,2027-07-02,BATCH-02-030-8792,2026-05-09 10:30:44
158,3,20,200,adequate,39,2026-03-30,2026-12-19,BATCH-03-020-7172,2026-05-09 10:30:44
159,3,8,30,low,16,2026-04-12,2027-08-15,BATCH-03-008-4891,2026-05-09 10:30:44
160,3,58,320,overstock,32,2026-04-23,2027-06-19,BATCH-03-058-8684,2026-05-09 10:30:44
161,3,14,426,overstock,29,2026-04-20,2027-09-02,BATCH-03-014-9239,2026-05-09 10:30:44
162,3,104,185,adequate,23,2026-05-05,2027-12-12,BATCH-03-104-7081,2026-05-09 10:30:44
163,3,108,62,adequate,17,2026-04-28,2027-05-13,BATCH-03-108-8361,2026-05-09 10:30:44
164,3,44,314,overstock,29,2026-04-16,2026-09-03,BATCH-03-044-7797,2026-05-09 10:30:44
165,3,92,9,critical,17,2026-04-15,2027-03-24,BATCH-03-092-1461,2026-05-09 10:30:44
166,3,11,68,adequate,16,2026-04-20,2027-12-03,BATCH-03-011-3273,2026-05-09 10:30:44
167,3,65,188,adequate,17,2026-05-07,2027-04-26,BATCH-03-065-4533,2026-05-09 10:30:44
168,3,83,166,adequate,18,2026-04-20,2027-04-07,BATCH-03-083-5934,2026-05-09 10:30:44
169,3,23,24,low,17,2026-05-01,2027-12-31,BATCH-03-023-9782,2026-05-09 10:30:44
170,3,6,0,out,24,2026-04-11,2026-08-08,BATCH-03-006-6780,2026-05-09 10:30:44
171,3,32,16,low,26,2026-05-04,2028-01-27,BATCH-03-032-9914,2026-05-09 10:30:44
172,3,91,36,adequate,30,2026-05-06,2027-09-07,BATCH-03-091-7116,2026-05-09 10:30:44
173,3,57,22,low,22,2026-03-27,2026-11-21,BATCH-03-057-6447,2026-05-09 10:30:44
174,3,105,28,low,39,2026-03-26,2027-11-25,BATCH-03-105-8840,2026-05-09 10:30:44
175,3,68,148,adequate,24,2026-04-26,2026-09-20,BATCH-03-068-4268,2026-05-09 10:30:44
176,3,67,162,adequate,32,2026-04-08,2027-04-23,BATCH-03-067-1599,2026-05-09 10:30:44
177,3,79,122,adequate,35,2026-04-17,2027-05-13,BATCH-03-079-3039,2026-05-09 10:30:44
178,3,21,143,adequate,25,2026-04-27,2027-12-28,BATCH-03-021-9151,2026-05-09 10:30:44
179,3,47,52,adequate,17,2026-04-11,2028-04-14,BATCH-03-047-3956,2026-05-09 10:30:44
180,3,48,51,adequate,36,2026-04-20,2027-06-16,BATCH-03-048-8305,2026-05-09 10:30:44
181,3,37,144,adequate,29,2026-05-06,2027-08-03,BATCH-03-037-8126,2026-05-09 10:30:44
182,3,50,13,low,26,2026-04-06,2027-01-17,BATCH-03-050-1510,2026-05-09 10:30:44
183,3,53,25,low,17,2026-04-23,2027-08-17,BATCH-03-053-6933,2026-05-09 10:30:44
184,3,114,185,adequate,36,2026-04-10,2027-08-21,BATCH-03-114-7095,2026-05-09 10:30:44
185,3,87,66,adequate,26,2026-04-13,2027-06-24,BATCH-03-087-5566,2026-05-09 10:30:44
186,3,77,11,low,31,2026-04-14,2028-03-04,BATCH-03-077-2929,2026-05-09 10:30:44
187,3,7,25,low,37,2026-04-07,2027-02-27,BATCH-03-007-3009,2026-05-09 10:30:44
188,3,81,25,low,17,2026-03-26,2027-06-30,BATCH-03-081-6692,2026-05-09 10:30:44
189,3,110,105,adequate,20,2026-03-25,2027-02-01,BATCH-03-110-6922,2026-05-09 10:30:44
190,3,43,66,adequate,40,2026-04-07,2026-09-02,BATCH-03-043-6912,2026-05-09 10:30:44
191,3,9,172,adequate,34,2026-05-03,2026-10-13,BATCH-03-009-6067,2026-05-09 10:30:44
192,3,88,136,adequate,33,2026-05-04,2026-12-13,BATCH-03-088-6194,2026-05-09 10:30:44
193,3,13,163,adequate,19,2026-04-03,2028-03-30,BATCH-03-013-3981,2026-05-09 10:30:44
194,3,72,159,adequate,18,2026-04-05,2027-01-10,BATCH-03-072-5982,2026-05-09 10:30:44
195,3,96,18,low,24,2026-05-03,2027-04-20,BATCH-03-096-4216,2026-05-09 10:30:44
196,3,97,63,adequate,34,2026-04-04,2026-11-10,BATCH-03-097-9234,2026-05-09 10:30:44
197,3,33,70,adequate,36,2026-03-30,2028-04-17,BATCH-03-033-6531,2026-05-09 10:30:44
198,3,78,38,adequate,16,2026-03-28,2028-03-19,BATCH-03-078-5336,2026-05-09 10:30:44
199,3,120,189,adequate,30,2026-03-29,2028-02-16,BATCH-03-120-5745,2026-05-09 10:30:44
200,3,86,93,adequate,24,2026-04-09,2026-10-20,BATCH-03-086-1981,2026-05-09 10:30:44
201,3,112,26,low,25,2026-03-31,2027-01-01,BATCH-03-112-6121,2026-05-09 10:30:44
202,3,75,133,adequate,39,2026-04-15,2028-01-16,BATCH-03-075-2739,2026-05-09 10:30:44
203,3,19,99,adequate,22,2026-04-29,2026-11-14,BATCH-03-019-1829,2026-05-09 10:30:44
204,3,45,30,low,20,2026-04-18,2028-03-20,BATCH-03-045-6123,2026-05-09 10:30:44
205,3,40,26,low,30,2026-04-19,2027-12-29,BATCH-03-040-1379,2026-05-09 10:30:44
206,3,51,7,critical,21,2026-04-01,2027-08-03,BATCH-03-051-1797,2026-05-09 10:30:44
207,3,17,8,critical,24,2026-04-04,2026-08-15,BATCH-03-017-2761,2026-05-09 10:30:44
208,3,113,134,adequate,16,2026-04-13,2026-09-28,BATCH-03-113-4189,2026-05-09 10:30:44
209,3,73,129,adequate,29,2026-04-03,2027-05-20,BATCH-03-073-2946,2026-05-09 10:30:44
210,3,49,23,low,32,2026-04-15,2027-01-01,BATCH-03-049-4261,2026-05-09 10:30:44
211,3,80,41,adequate,16,2026-04-30,2027-07-14,BATCH-03-080-8761,2026-05-09 10:30:44
212,3,71,162,adequate,25,2026-03-30,2027-06-29,BATCH-03-071-3662,2026-05-09 10:30:44
213,3,12,182,adequate,31,2026-04-06,2028-02-03,BATCH-03-012-9025,2026-05-09 10:30:44
214,3,55,35,adequate,25,2026-03-26,2026-11-27,BATCH-03-055-7824,2026-05-09 10:30:44
215,3,90,152,adequate,35,2026-04-01,2028-03-20,BATCH-03-090-4728,2026-05-09 10:30:44
216,3,24,74,adequate,35,2026-03-30,2027-08-31,BATCH-03-024-3421,2026-05-09 10:30:44
217,3,2,177,adequate,21,2026-05-07,2027-11-01,BATCH-03-002-6139,2026-05-09 10:30:44
218,3,62,136,adequate,39,2026-03-30,2027-12-02,BATCH-03-062-2020,2026-05-09 10:30:44
219,3,101,174,adequate,36,2026-04-08,2028-01-27,BATCH-03-101-7173,2026-05-09 10:30:44
220,3,111,167,adequate,32,2026-04-16,2027-05-04,BATCH-03-111-8932,2026-05-09 10:30:44
221,3,117,19,low,22,2026-04-19,2027-05-29,BATCH-03-117-4396,2026-05-09 10:30:44
222,3,22,153,adequate,32,2026-04-21,2027-05-28,BATCH-03-022-2996,2026-05-09 10:30:44
223,3,89,132,adequate,39,2026-04-29,2027-05-31,BATCH-03-089-1689,2026-05-09 10:30:44
224,3,107,22,low,38,2026-04-08,2027-03-14,BATCH-03-107-4310,2026-05-09 10:30:44
225,3,85,100,adequate,18,2026-03-30,2028-03-29,BATCH-03-085-4920,2026-05-09 10:30:44
226,3,15,18,low,16,2026-05-02,2027-10-04,BATCH-03-015-6411,2026-05-09 10:30:44
227,3,93,32,adequate,20,2026-04-12,2027-12-07,BATCH-03-093-8822,2026-05-09 10:30:44
228,3,10,104,adequate,39,2026-05-03,2028-03-16,BATCH-03-010-4804,2026-05-09 10:30:44
229,3,5,137,adequate,16,2026-04-13,2027-12-27,BATCH-03-005-4052,2026-05-09 10:30:44
230,3,76,353,overstock,33,2026-03-31,2026-11-24,BATCH-03-076-6489,2026-05-09 10:30:44
231,3,106,27,low,31,2026-04-09,2027-05-13,BATCH-03-106-4159,2026-05-09 10:30:44
232,3,63,148,adequate,37,2026-04-27,2026-08-21,BATCH-03-063-6523,2026-05-09 10:30:44
233,3,35,75,adequate,28,2026-04-06,2027-07-08,BATCH-03-035-2421,2026-05-09 10:30:44
234,4,86,4,critical,31,2026-04-10,2026-10-02,BATCH-04-086-8429,2026-05-09 10:30:44
235,4,13,25,low,32,2026-04-09,2027-06-18,BATCH-04-013-1356,2026-05-09 10:30:44
236,4,24,179,adequate,16,2026-04-11,2027-07-25,BATCH-04-024-2044,2026-05-09 10:30:44
237,4,18,151,adequate,24,2026-04-12,2027-02-07,BATCH-04-018-3218,2026-05-09 10:30:44
238,4,62,128,adequate,27,2026-04-14,2026-10-28,BATCH-04-062-9835,2026-05-09 10:30:44
239,4,42,14,low,27,2026-04-05,2026-12-15,BATCH-04-042-4648,2026-05-09 10:30:44
240,4,32,149,adequate,28,2026-04-04,2027-08-30,BATCH-04-032-4762,2026-05-09 10:30:44
241,4,1,15,low,38,2026-05-01,2026-09-08,BATCH-04-001-7868,2026-05-09 10:30:44
242,4,34,83,adequate,18,2026-03-31,2026-09-10,BATCH-04-034-8314,2026-05-09 10:30:44
243,4,50,42,adequate,29,2026-04-24,2028-02-10,BATCH-04-050-4559,2026-05-09 10:30:44
244,4,31,159,adequate,22,2026-04-02,2027-06-29,BATCH-04-031-6253,2026-05-09 10:30:44
245,4,58,27,low,24,2026-04-21,2026-10-08,BATCH-04-058-3869,2026-05-09 10:30:44
246,4,97,157,adequate,26,2026-03-28,2027-09-01,BATCH-04-097-9592,2026-05-09 10:30:44
247,4,35,69,adequate,27,2026-04-27,2028-02-08,BATCH-04-035-8758,2026-05-09 10:30:44
248,4,43,20,low,16,2026-04-03,2027-10-03,BATCH-04-043-7824,2026-05-09 10:30:44
249,4,39,93,adequate,21,2026-04-17,2026-10-26,BATCH-04-039-8369,2026-05-09 10:30:44
250,4,75,79,adequate,23,2026-04-14,2028-04-17,BATCH-04-075-1647,2026-05-09 10:30:44
251,4,93,174,adequate,30,2026-04-25,2027-07-13,BATCH-04-093-5967,2026-05-09 10:30:44
252,4,74,261,overstock,38,2026-04-08,2027-04-12,BATCH-04-074-4350,2026-05-09 10:30:44
253,4,2,113,adequate,27,2026-04-09,2028-02-04,BATCH-04-002-6886,2026-05-09 10:30:44
254,4,112,158,adequate,18,2026-04-08,2027-06-30,BATCH-04-112-4328,2026-05-09 10:30:44
255,4,84,175,adequate,38,2026-04-29,2026-08-23,BATCH-04-084-5272,2026-05-09 10:30:44
256,4,47,137,adequate,19,2026-04-26,2027-07-10,BATCH-04-047-4768,2026-05-09 10:30:44
257,4,89,171,adequate,23,2026-04-07,2027-12-22,BATCH-04-089-8550,2026-05-09 10:30:44
258,4,110,16,low,30,2026-04-27,2028-02-13,BATCH-04-110-1962,2026-05-09 10:30:44
259,4,8,32,adequate,19,2026-03-29,2027-03-31,BATCH-04-008-2113,2026-05-09 10:30:44
260,4,120,160,adequate,26,2026-05-05,2028-04-30,BATCH-04-120-8916,2026-05-09 10:30:44
261,4,16,167,adequate,28,2026-05-08,2026-08-24,BATCH-04-016-9673,2026-05-09 10:30:44
262,4,60,35,adequate,37,2026-03-26,2027-10-21,BATCH-04-060-3937,2026-05-09 10:30:44
263,4,40,2,critical,21,2026-03-30,2028-01-28,BATCH-04-040-5135,2026-05-09 10:30:44
264,4,21,51,adequate,27,2026-04-09,2028-03-07,BATCH-04-021-4984,2026-05-09 10:30:44
265,4,52,217,overstock,17,2026-04-13,2027-08-30,BATCH-04-052-7179,2026-05-09 10:30:44
266,4,88,74,adequate,30,2026-04-11,2027-07-12,BATCH-04-088-2562,2026-05-09 10:30:44
267,4,65,85,adequate,30,2026-04-21,2026-09-23,BATCH-04-065-2218,2026-05-09 10:30:44
268,4,91,175,adequate,20,2026-04-18,2026-08-23,BATCH-04-091-4394,2026-05-09 10:30:44
269,4,103,107,adequate,33,2026-04-23,2028-03-09,BATCH-04-103-7375,2026-05-09 10:30:44
270,4,82,129,adequate,40,2026-03-25,2026-10-26,BATCH-04-082-9204,2026-05-09 10:30:44
271,4,38,56,adequate,22,2026-05-04,2027-07-21,BATCH-04-038-7499,2026-05-09 10:30:44
272,4,48,340,overstock,40,2026-04-10,2027-12-22,BATCH-04-048-4737,2026-05-09 10:30:44
273,4,79,78,adequate,36,2026-04-14,2026-11-02,BATCH-04-079-5839,2026-05-09 10:30:44
274,4,29,99,adequate,27,2026-03-29,2027-01-11,BATCH-04-029-7383,2026-05-09 10:30:44
275,4,80,32,adequate,29,2026-04-15,2027-05-10,BATCH-04-080-2674,2026-05-09 10:30:44
276,4,117,24,low,32,2026-04-06,2027-09-28,BATCH-04-117-2692,2026-05-09 10:30:44
277,4,116,0,out,27,2026-05-08,2027-06-01,BATCH-04-116-7779,2026-05-09 10:30:44
278,4,20,93,adequate,31,2026-04-28,2027-08-31,BATCH-04-020-3777,2026-05-09 10:30:44
279,4,59,19,low,17,2026-04-28,2027-10-26,BATCH-04-059-5521,2026-05-09 10:30:44
280,4,99,123,adequate,22,2026-03-29,2027-12-27,BATCH-04-099-4203,2026-05-09 10:30:44
281,4,54,32,adequate,25,2026-03-30,2027-08-31,BATCH-04-054-6399,2026-05-09 10:30:44
282,4,71,65,adequate,25,2026-03-31,2027-02-28,BATCH-04-071-8848,2026-05-09 10:30:44
283,4,61,105,adequate,33,2026-04-23,2027-07-06,BATCH-04-061-7161,2026-05-09 10:30:44
284,4,69,22,low,21,2026-04-01,2028-02-16,BATCH-04-069-3947,2026-05-09 10:30:44
285,4,28,149,adequate,29,2026-04-20,2026-10-16,BATCH-04-028-7703,2026-05-09 10:30:44
286,4,114,92,adequate,36,2026-04-29,2027-10-14,BATCH-04-114-7176,2026-05-09 10:30:44
287,4,11,10,critical,32,2026-04-06,2027-10-09,BATCH-04-011-9907,2026-05-09 10:30:44
288,4,109,0,out,18,2026-04-23,2027-08-05,BATCH-04-109-3725,2026-05-09 10:30:44
289,4,98,196,adequate,39,2026-04-17,2027-10-21,BATCH-04-098-2735,2026-05-09 10:30:44
290,4,10,0,out,32,2026-04-01,2028-03-18,BATCH-04-010-4621,2026-05-09 10:30:44
291,4,104,181,adequate,19,2026-04-16,2026-09-01,BATCH-04-104-8909,2026-05-09 10:30:44
292,4,37,7,critical,26,2026-04-19,2027-07-24,BATCH-04-037-8460,2026-05-09 10:30:44
293,4,95,120,adequate,18,2026-04-10,2027-11-13,BATCH-04-095-6225,2026-05-09 10:30:44
294,4,4,1,critical,35,2026-05-02,2027-01-22,BATCH-04-004-4996,2026-05-09 10:30:44
295,4,73,115,adequate,28,2026-04-09,2027-04-01,BATCH-04-073-7636,2026-05-09 10:30:44
296,4,36,132,adequate,38,2026-03-30,2027-02-25,BATCH-04-036-8365,2026-05-09 10:30:44
297,4,33,85,adequate,23,2026-05-04,2028-03-20,BATCH-04-033-2667,2026-05-09 10:30:44
298,4,119,124,adequate,21,2026-04-09,2026-12-01,BATCH-04-119-5298,2026-05-09 10:30:44
299,4,77,194,adequate,34,2026-04-14,2028-04-23,BATCH-04-077-7431,2026-05-09 10:30:44
300,4,107,148,adequate,36,2026-04-19,2028-04-27,BATCH-04-107-2388,2026-05-09 10:30:44
301,4,64,92,adequate,18,2026-04-27,2027-08-24,BATCH-04-064-3316,2026-05-09 10:30:44
302,4,67,66,adequate,27,2026-04-11,2027-02-13,BATCH-04-067-8973,2026-05-09 10:30:44
303,4,90,73,adequate,24,2026-04-30,2027-02-14,BATCH-04-090-6154,2026-05-09 10:30:44
304,4,100,122,adequate,30,2026-04-30,2027-02-22,BATCH-04-100-7290,2026-05-09 10:30:44
305,4,81,452,overstock,28,2026-04-10,2027-12-20,BATCH-04-081-3740,2026-05-09 10:30:44
306,5,73,14,low,16,2026-04-21,2026-12-14,BATCH-05-073-3174,2026-05-09 10:30:44
307,5,4,18,low,19,2026-04-02,2027-05-09,BATCH-05-004-7786,2026-05-09 10:30:44
308,5,102,134,adequate,38,2026-04-21,2027-08-19,BATCH-05-102-8449,2026-05-09 10:30:44
309,5,98,248,overstock,38,2026-04-09,2027-08-08,BATCH-05-098-2037,2026-05-09 10:30:44
310,5,29,140,adequate,30,2026-04-21,2027-07-03,BATCH-05-029-5646,2026-05-09 10:30:44
311,5,38,175,adequate,40,2026-04-17,2026-09-25,BATCH-05-038-1752,2026-05-09 10:30:44
312,5,5,8,critical,29,2026-04-09,2026-08-07,BATCH-05-005-8009,2026-05-09 10:30:44
313,5,36,20,low,17,2026-03-28,2027-08-11,BATCH-05-036-5102,2026-05-09 10:30:44
314,5,116,3,critical,38,2026-03-25,2027-04-03,BATCH-05-116-8032,2026-05-09 10:30:44
315,5,69,85,adequate,17,2026-04-30,2028-04-05,BATCH-05-069-4705,2026-05-09 10:30:44
316,5,37,33,adequate,18,2026-04-11,2026-12-20,BATCH-05-037-8826,2026-05-09 10:30:44
317,5,22,7,critical,25,2026-04-15,2027-06-09,BATCH-05-022-3246,2026-05-09 10:30:44
318,5,100,48,adequate,33,2026-05-08,2028-04-22,BATCH-05-100-3688,2026-05-09 10:30:44
319,5,59,136,adequate,21,2026-05-03,2026-11-17,BATCH-05-059-3293,2026-05-09 10:30:44
320,5,120,120,adequate,25,2026-04-30,2027-04-17,BATCH-05-120-5537,2026-05-09 10:30:44
321,5,96,184,adequate,39,2026-03-25,2026-09-03,BATCH-05-096-5942,2026-05-09 10:30:44
322,5,99,27,low,24,2026-03-28,2026-10-01,BATCH-05-099-4921,2026-05-09 10:30:44
323,5,104,158,adequate,31,2026-05-08,2027-08-11,BATCH-05-104-6185,2026-05-09 10:30:44
324,5,64,24,low,36,2026-04-27,2027-12-02,BATCH-05-064-2195,2026-05-09 10:30:44
325,5,71,0,out,16,2026-05-05,2027-09-18,BATCH-05-071-9300,2026-05-09 10:30:44
326,5,66,24,low,17,2026-03-29,2028-02-07,BATCH-05-066-9808,2026-05-09 10:30:44
327,5,15,110,adequate,31,2026-04-25,2027-01-13,BATCH-05-015-9788,2026-05-09 10:30:44
328,5,74,110,adequate,38,2026-04-23,2026-10-05,BATCH-05-074-5005,2026-05-09 10:30:44
329,5,103,7,critical,24,2026-03-27,2027-02-02,BATCH-05-103-2956,2026-05-09 10:30:44
330,5,35,0,out,26,2026-04-05,2028-01-18,BATCH-05-035-5247,2026-05-09 10:30:44
331,5,70,19,low,25,2026-04-11,2027-05-12,BATCH-05-070-9582,2026-05-09 10:30:44
332,5,47,10,critical,31,2026-04-15,2026-10-02,BATCH-05-047-9185,2026-05-09 10:30:44
333,5,95,71,adequate,39,2026-05-02,2028-03-16,BATCH-05-095-2889,2026-05-09 10:30:44
334,5,6,11,low,22,2026-05-06,2027-12-03,BATCH-05-006-6963,2026-05-09 10:30:44
335,5,57,40,adequate,40,2026-03-28,2027-10-10,BATCH-05-057-4678,2026-05-09 10:30:44
336,5,93,100,adequate,33,2026-04-15,2026-12-07,BATCH-05-093-9225,2026-05-09 10:30:44
337,5,28,88,adequate,16,2026-04-13,2026-10-16,BATCH-05-028-8620,2026-05-09 10:30:44
338,5,55,53,adequate,29,2026-05-08,2027-08-19,BATCH-05-055-4287,2026-05-09 10:30:44
339,5,14,30,low,26,2026-04-01,2027-12-25,BATCH-05-014-4201,2026-05-09 10:30:44
340,5,84,69,adequate,28,2026-05-07,2027-04-02,BATCH-05-084-9872,2026-05-09 10:30:44
341,5,32,31,adequate,38,2026-04-19,2026-11-21,BATCH-05-032-4361,2026-05-09 10:30:44
342,5,39,156,adequate,19,2026-04-21,2026-11-10,BATCH-05-039-1719,2026-05-09 10:30:44
343,5,114,435,overstock,38,2026-05-03,2028-03-23,BATCH-05-114-2565,2026-05-09 10:30:44
344,5,58,182,adequate,16,2026-04-11,2026-12-18,BATCH-05-058-4879,2026-05-09 10:30:44
345,5,34,23,low,29,2026-04-21,2027-04-03,BATCH-05-034-2223,2026-05-09 10:30:44
346,5,45,280,overstock,18,2026-04-28,2027-11-10,BATCH-05-045-8635,2026-05-09 10:30:44
347,5,12,122,adequate,29,2026-04-19,2027-11-24,BATCH-05-012-5341,2026-05-09 10:30:44
348,5,91,108,adequate,21,2026-04-18,2027-01-05,BATCH-05-091-2494,2026-05-09 10:30:44
349,5,16,162,adequate,36,2026-04-19,2027-04-30,BATCH-05-016-3848,2026-05-09 10:30:44
350,5,31,0,out,22,2026-05-02,2027-11-23,BATCH-05-031-2669,2026-05-09 10:30:44
351,5,27,34,adequate,39,2026-04-24,2026-12-18,BATCH-05-027-4246,2026-05-09 10:30:44
352,5,80,180,adequate,17,2026-05-07,2026-10-12,BATCH-05-080-4239,2026-05-09 10:30:44
353,5,88,370,overstock,18,2026-05-06,2027-11-22,BATCH-05-088-1829,2026-05-09 10:30:44
354,5,109,24,low,15,2026-04-14,2027-10-17,BATCH-05-109-3831,2026-05-09 10:30:44
355,5,18,102,adequate,19,2026-05-06,2028-04-26,BATCH-05-018-5026,2026-05-09 10:30:44
356,5,75,171,adequate,16,2026-05-03,2027-05-20,BATCH-05-075-7275,2026-05-09 10:30:44
357,5,90,27,low,40,2026-05-07,2027-09-02,BATCH-05-090-6883,2026-05-09 10:30:44
358,5,8,175,adequate,25,2026-04-14,2027-05-10,BATCH-05-008-3946,2026-05-09 10:30:44
359,5,117,0,out,16,2026-04-08,2028-01-31,BATCH-05-117-6856,2026-05-09 10:30:44
360,5,113,56,adequate,36,2026-04-23,2027-05-06,BATCH-05-113-9743,2026-05-09 10:30:44
361,5,72,178,adequate,26,2026-04-27,2027-02-03,BATCH-05-072-4875,2026-05-09 10:30:44
362,5,42,38,adequate,33,2026-04-02,2026-12-30,BATCH-05-042-4084,2026-05-09 10:30:44
363,5,63,110,adequate,30,2026-05-06,2026-11-07,BATCH-05-063-1920,2026-05-09 10:30:44
364,5,46,11,low,15,2026-04-17,2028-04-26,BATCH-05-046-4300,2026-05-09 10:30:44
365,5,19,113,adequate,15,2026-04-29,2028-03-29,BATCH-05-019-3320,2026-05-09 10:30:44
366,5,61,49,adequate,37,2026-03-27,2027-09-16,BATCH-05-061-2655,2026-05-09 10:30:44
367,5,110,71,adequate,40,2026-03-29,2027-12-18,BATCH-05-110-6198,2026-05-09 10:30:44
368,6,91,153,adequate,35,2026-03-26,2027-03-25,BATCH-06-091-3664,2026-05-09 10:30:44
369,6,72,36,adequate,23,2026-05-02,2026-10-21,BATCH-06-072-6600,2026-05-09 10:30:44
370,6,89,16,low,17,2026-04-17,2028-04-06,BATCH-06-089-8909,2026-05-09 10:30:44
371,6,114,186,adequate,20,2026-05-05,2026-11-18,BATCH-06-114-6424,2026-05-09 10:30:44
372,6,79,24,low,23,2026-03-27,2027-05-22,BATCH-06-079-5872,2026-05-09 10:30:44
373,6,101,23,low,30,2026-04-29,2026-10-01,BATCH-06-101-6911,2026-05-09 10:30:44
374,6,46,0,out,21,2026-05-02,2026-09-02,BATCH-06-046-4390,2026-05-09 10:30:44
375,6,29,13,low,24,2026-04-13,2027-12-02,BATCH-06-029-9013,2026-05-09 10:30:44
376,6,86,195,adequate,27,2026-04-27,2027-08-21,BATCH-06-086-7249,2026-05-09 10:30:44
377,6,76,98,adequate,29,2026-04-22,2027-03-26,BATCH-06-076-5400,2026-05-09 10:30:44
378,6,105,52,adequate,40,2026-04-04,2027-10-04,BATCH-06-105-4727,2026-05-09 10:30:44
379,6,23,138,adequate,36,2026-04-08,2028-03-15,BATCH-06-023-4860,2026-05-09 10:30:44
380,6,49,39,adequate,33,2026-04-05,2028-03-14,BATCH-06-049-3415,2026-05-09 10:30:44
381,6,40,16,low,40,2026-04-26,2026-12-14,BATCH-06-040-1699,2026-05-09 10:30:44
382,6,94,191,adequate,34,2026-04-22,2027-06-30,BATCH-06-094-2097,2026-05-09 10:30:44
383,6,118,9,critical,23,2026-04-05,2027-11-19,BATCH-06-118-1202,2026-05-09 10:30:44
384,6,38,164,adequate,18,2026-04-12,2027-01-07,BATCH-06-038-3428,2026-05-09 10:30:44
385,6,17,58,adequate,39,2026-05-02,2027-05-26,BATCH-06-017-9775,2026-05-09 10:30:44
386,6,109,129,adequate,33,2026-03-31,2027-12-04,BATCH-06-109-1613,2026-05-09 10:30:44
387,6,106,15,low,16,2026-04-13,2027-07-12,BATCH-06-106-4892,2026-05-09 10:30:44
388,6,1,8,critical,25,2026-04-19,2027-06-21,BATCH-06-001-5593,2026-05-09 10:30:44
389,6,90,65,adequate,38,2026-04-10,2027-07-01,BATCH-06-090-5414,2026-05-09 10:30:44
390,6,74,79,adequate,21,2026-04-12,2027-12-16,BATCH-06-074-9462,2026-05-09 10:30:44
391,6,51,71,adequate,24,2026-04-06,2027-09-24,BATCH-06-051-3222,2026-05-09 10:30:44
392,6,73,38,adequate,21,2026-04-26,2026-10-05,BATCH-06-073-5087,2026-05-09 10:30:44
393,6,5,0,out,26,2026-04-09,2028-01-06,BATCH-06-005-7503,2026-05-09 10:30:44
394,6,24,92,adequate,30,2026-03-31,2027-11-06,BATCH-06-024-3909,2026-05-09 10:30:44
395,6,78,380,overstock,26,2026-04-28,2027-04-28,BATCH-06-078-2480,2026-05-09 10:30:44
396,6,41,12,low,39,2026-04-25,2027-03-21,BATCH-06-041-4688,2026-05-09 10:30:44
397,6,116,162,adequate,39,2026-03-26,2026-08-16,BATCH-06-116-8767,2026-05-09 10:30:44
398,6,113,315,overstock,23,2026-03-31,2027-06-15,BATCH-06-113-5511,2026-05-09 10:30:44
399,6,82,148,adequate,21,2026-04-09,2027-06-12,BATCH-06-082-9530,2026-05-09 10:30:44
400,6,96,57,adequate,31,2026-03-27,2027-08-25,BATCH-06-096-5631,2026-05-09 10:30:44
401,6,14,26,low,23,2026-03-29,2027-07-05,BATCH-06-014-5536,2026-05-09 10:30:44
402,6,64,17,low,39,2026-04-23,2026-10-04,BATCH-06-064-7620,2026-05-09 10:30:44
403,6,19,198,adequate,24,2026-04-22,2027-10-09,BATCH-06-019-7628,2026-05-09 10:30:44
404,6,43,177,adequate,25,2026-04-24,2028-02-05,BATCH-06-043-8794,2026-05-09 10:30:44
405,6,10,288,overstock,36,2026-04-03,2027-02-08,BATCH-06-010-5813,2026-05-09 10:30:44
406,6,31,3,critical,36,2026-04-17,2026-11-06,BATCH-06-031-4641,2026-05-09 10:30:44
407,6,45,115,adequate,23,2026-04-01,2027-06-04,BATCH-06-045-8598,2026-05-09 10:30:44
408,6,92,193,adequate,33,2026-03-30,2026-10-18,BATCH-06-092-8736,2026-05-09 10:30:44
409,6,22,128,adequate,24,2026-04-12,2026-10-01,BATCH-06-022-3470,2026-05-09 10:30:44
410,6,12,21,low,29,2026-04-29,2027-06-26,BATCH-06-012-3954,2026-05-09 10:30:44
411,6,84,192,adequate,25,2026-03-29,2026-10-05,BATCH-06-084-1077,2026-05-09 10:30:44
412,6,58,178,adequate,30,2026-05-03,2026-12-17,BATCH-06-058-8105,2026-05-09 10:30:44
413,6,2,153,adequate,15,2026-05-06,2028-02-04,BATCH-06-002-4267,2026-05-09 10:30:44
414,6,34,166,adequate,15,2026-03-26,2026-08-11,BATCH-06-034-5076,2026-05-09 10:30:44
415,6,27,20,low,27,2026-04-06,2028-03-31,BATCH-06-027-6015,2026-05-09 10:30:44
416,6,32,20,low,38,2026-04-05,2028-04-08,BATCH-06-032-9587,2026-05-09 10:30:44
417,6,9,156,adequate,39,2026-04-26,2027-01-22,BATCH-06-009-7609,2026-05-09 10:30:44
418,6,81,0,out,33,2026-04-06,2027-01-27,BATCH-06-081-3017,2026-05-09 10:30:44
419,6,33,194,adequate,39,2026-04-04,2028-05-06,BATCH-06-033-1796,2026-05-09 10:30:44
420,6,87,198,adequate,16,2026-03-25,2026-12-03,BATCH-06-087-7828,2026-05-09 10:30:44
421,6,100,95,adequate,37,2026-04-29,2027-03-05,BATCH-06-100-1152,2026-05-09 10:30:44
422,6,7,100,adequate,28,2026-05-02,2028-01-12,BATCH-06-007-2928,2026-05-09 10:30:44
423,6,50,26,low,39,2026-04-22,2028-01-24,BATCH-06-050-4304,2026-05-09 10:30:44
424,6,57,72,adequate,32,2026-04-07,2027-03-07,BATCH-06-057-8875,2026-05-09 10:30:44
425,6,47,53,adequate,33,2026-03-27,2027-12-25,BATCH-06-047-3443,2026-05-09 10:30:44
426,6,88,332,overstock,35,2026-04-24,2027-11-17,BATCH-06-088-5850,2026-05-09 10:30:44
427,6,11,14,low,24,2026-04-15,2027-06-23,BATCH-06-011-7979,2026-05-09 10:30:44
428,6,112,33,adequate,36,2026-03-28,2027-01-28,BATCH-06-112-6384,2026-05-09 10:30:44
429,6,62,99,adequate,26,2026-04-17,2027-02-10,BATCH-06-062-2865,2026-05-09 10:30:44
430,6,119,129,adequate,40,2026-04-12,2027-01-24,BATCH-06-119-2852,2026-05-09 10:30:44
431,6,60,16,low,33,2026-04-08,2028-03-11,BATCH-06-060-8178,2026-05-09 10:30:44
432,6,25,22,low,36,2026-04-30,2027-12-14,BATCH-06-025-8997,2026-05-09 10:30:44
433,7,114,8,critical,30,2026-03-28,2026-08-25,BATCH-07-114-2681,2026-05-09 10:30:44
434,7,53,171,adequate,17,2026-03-31,2028-05-01,BATCH-07-053-5990,2026-05-09 10:30:44
435,7,57,198,adequate,25,2026-04-15,2026-10-01,BATCH-07-057-4652,2026-05-09 10:30:44
436,7,6,189,adequate,37,2026-03-27,2027-08-14,BATCH-07-006-8414,2026-05-09 10:30:44
437,7,9,4,critical,35,2026-04-20,2028-02-18,BATCH-07-009-9552,2026-05-09 10:30:44
438,7,34,73,adequate,19,2026-04-12,2026-11-24,BATCH-07-034-5166,2026-05-09 10:30:44
439,7,84,131,adequate,29,2026-04-26,2027-07-19,BATCH-07-084-2765,2026-05-09 10:30:44
440,7,41,62,adequate,29,2026-03-27,2028-04-01,BATCH-07-041-9260,2026-05-09 10:30:44
441,7,2,11,low,32,2026-04-11,2028-03-28,BATCH-07-002-8912,2026-05-09 10:30:44
442,7,91,266,overstock,18,2026-04-14,2028-04-12,BATCH-07-091-6273,2026-05-09 10:30:44
443,7,87,186,adequate,23,2026-04-13,2027-07-24,BATCH-07-087-5819,2026-05-09 10:30:44
444,7,68,136,adequate,24,2026-03-25,2028-02-18,BATCH-07-068-6143,2026-05-09 10:30:44
445,7,99,82,adequate,34,2026-04-20,2027-07-26,BATCH-07-099-3173,2026-05-09 10:30:44
446,7,96,366,overstock,37,2026-05-01,2027-08-02,BATCH-07-096-8870,2026-05-09 10:30:44
447,7,74,104,adequate,40,2026-05-08,2028-01-24,BATCH-07-074-2744,2026-05-09 10:30:44
448,7,93,0,out,23,2026-04-28,2027-05-27,BATCH-07-093-5105,2026-05-09 10:30:44
449,7,73,20,low,16,2026-04-16,2027-11-13,BATCH-07-073-2679,2026-05-09 10:30:44
450,7,29,196,adequate,27,2026-04-23,2028-01-12,BATCH-07-029-5712,2026-05-09 10:30:44
451,7,86,130,adequate,40,2026-03-26,2027-06-23,BATCH-07-086-1881,2026-05-09 10:30:44
452,7,44,0,out,22,2026-03-29,2027-08-18,BATCH-07-044-9955,2026-05-09 10:30:44
453,7,67,106,adequate,20,2026-03-26,2026-10-22,BATCH-07-067-4063,2026-05-09 10:30:44
454,7,100,221,overstock,28,2026-04-21,2028-02-27,BATCH-07-100-5329,2026-05-09 10:30:44
455,7,89,19,low,29,2026-04-29,2026-09-16,BATCH-07-089-3518,2026-05-09 10:30:44
456,7,90,355,overstock,30,2026-04-02,2028-02-21,BATCH-07-090-6866,2026-05-09 10:30:44
457,7,80,6,critical,31,2026-05-04,2028-01-06,BATCH-07-080-3611,2026-05-09 10:30:44
458,7,13,54,adequate,22,2026-04-25,2027-07-12,BATCH-07-013-6424,2026-05-09 10:30:44
459,7,56,166,adequate,32,2026-03-28,2026-08-16,BATCH-07-056-2879,2026-05-09 10:30:44
460,7,85,195,adequate,16,2026-03-26,2027-07-01,BATCH-07-085-7248,2026-05-09 10:30:44
461,7,32,477,overstock,38,2026-04-20,2026-09-01,BATCH-07-032-9468,2026-05-09 10:30:44
462,7,62,161,adequate,30,2026-05-06,2027-06-06,BATCH-07-062-4154,2026-05-09 10:30:44
463,7,45,73,adequate,32,2026-05-08,2026-10-13,BATCH-07-045-4453,2026-05-09 10:30:44
464,7,105,57,adequate,32,2026-03-25,2027-10-26,BATCH-07-105-2181,2026-05-09 10:30:44
465,7,110,148,adequate,16,2026-05-03,2026-10-21,BATCH-07-110-1889,2026-05-09 10:30:44
466,7,83,28,low,22,2026-04-22,2027-09-28,BATCH-07-083-7357,2026-05-09 10:30:44
467,7,50,111,adequate,27,2026-03-26,2026-12-06,BATCH-07-050-9762,2026-05-09 10:30:44
468,7,20,0,out,37,2026-05-04,2027-08-08,BATCH-07-020-9238,2026-05-09 10:30:44
469,7,72,5,critical,39,2026-04-10,2027-09-01,BATCH-07-072-7473,2026-05-09 10:30:44
470,7,79,71,adequate,22,2026-04-30,2027-09-11,BATCH-07-079-9941,2026-05-09 10:30:44
471,7,7,20,low,15,2026-04-03,2028-02-26,BATCH-07-007-3316,2026-05-09 10:30:44
472,7,112,29,low,32,2026-04-03,2026-11-02,BATCH-07-112-5992,2026-05-09 10:30:44
473,7,21,17,low,19,2026-04-28,2027-02-11,BATCH-07-021-4617,2026-05-09 10:30:44
474,7,65,60,adequate,36,2026-04-02,2026-10-01,BATCH-07-065-9992,2026-05-09 10:30:44
475,7,61,105,adequate,23,2026-05-02,2027-02-25,BATCH-07-061-8982,2026-05-09 10:30:44
476,7,64,321,overstock,18,2026-04-20,2028-05-02,BATCH-07-064-2143,2026-05-09 10:30:44
477,7,22,369,overstock,34,2026-03-27,2027-06-16,BATCH-07-022-3496,2026-05-09 10:30:44
478,7,10,140,adequate,15,2026-04-18,2027-04-16,BATCH-07-010-4629,2026-05-09 10:30:44
479,7,63,123,adequate,36,2026-04-17,2027-12-11,BATCH-07-063-8583,2026-05-09 10:30:44
480,7,42,172,adequate,20,2026-03-28,2028-04-19,BATCH-07-042-2343,2026-05-09 10:30:44
481,7,31,81,adequate,38,2026-03-29,2026-10-24,BATCH-07-031-2235,2026-05-09 10:30:44
482,7,43,179,adequate,27,2026-04-01,2027-03-12,BATCH-07-043-1600,2026-05-09 10:30:44
483,7,36,151,adequate,26,2026-04-13,2027-03-23,BATCH-07-036-5767,2026-05-09 10:30:44
484,7,82,27,low,26,2026-04-06,2026-08-17,BATCH-07-082-4913,2026-05-09 10:30:44
485,7,88,162,adequate,29,2026-04-28,2027-02-06,BATCH-07-088-3395,2026-05-09 10:30:44
486,7,103,41,adequate,39,2026-04-07,2027-04-01,BATCH-07-103-2029,2026-05-09 10:30:44
487,7,49,12,low,40,2026-04-15,2027-09-08,BATCH-07-049-8695,2026-05-09 10:30:44
488,7,52,366,overstock,18,2026-04-05,2027-05-14,BATCH-07-052-5314,2026-05-09 10:30:44
489,7,120,127,adequate,26,2026-04-01,2026-10-25,BATCH-07-120-9465,2026-05-09 10:30:44
490,7,117,27,low,26,2026-04-07,2027-12-13,BATCH-07-117-1108,2026-05-09 10:30:44
491,7,30,73,adequate,17,2026-04-06,2027-05-21,BATCH-07-030-4465,2026-05-09 10:30:44
492,7,108,22,low,36,2026-04-24,2027-10-05,BATCH-07-108-6410,2026-05-09 10:30:44
493,7,109,153,adequate,33,2026-04-28,2027-10-01,BATCH-07-109-1367,2026-05-09 10:30:44
494,7,37,29,low,19,2026-03-29,2028-01-13,BATCH-07-037-1642,2026-05-09 10:30:44
495,7,78,73,adequate,20,2026-04-05,2027-09-26,BATCH-07-078-1305,2026-05-09 10:30:44
496,8,11,139,adequate,23,2026-04-08,2027-04-02,BATCH-08-011-2373,2026-05-09 10:30:44
497,8,28,24,low,15,2026-05-08,2028-03-20,BATCH-08-028-9561,2026-05-09 10:30:44
498,8,58,1,critical,37,2026-04-18,2027-09-29,BATCH-08-058-6935,2026-05-09 10:30:44
499,8,78,7,critical,32,2026-04-11,2028-03-07,BATCH-08-078-6990,2026-05-09 10:30:44
500,8,61,136,adequate,40,2026-04-03,2027-12-14,BATCH-08-061-3928,2026-05-09 10:30:44
501,8,112,95,adequate,33,2026-04-16,2027-09-18,BATCH-08-112-3262,2026-05-09 10:30:44
502,8,62,145,adequate,18,2026-04-25,2028-01-09,BATCH-08-062-7562,2026-05-09 10:30:44
503,8,22,44,adequate,27,2026-03-29,2026-08-12,BATCH-08-022-2492,2026-05-09 10:30:44
504,8,29,142,adequate,17,2026-04-22,2027-03-22,BATCH-08-029-7075,2026-05-09 10:30:44
505,8,107,1,critical,24,2026-03-31,2026-10-04,BATCH-08-107-3871,2026-05-09 10:30:44
506,8,53,82,adequate,24,2026-04-26,2026-09-10,BATCH-08-053-9364,2026-05-09 10:30:44
507,8,77,74,adequate,26,2026-04-23,2026-08-07,BATCH-08-077-3579,2026-05-09 10:30:44
508,8,19,5,critical,27,2026-04-01,2027-02-28,BATCH-08-019-9482,2026-05-09 10:30:44
509,8,102,0,out,38,2026-04-03,2028-03-25,BATCH-08-102-6703,2026-05-09 10:30:44
510,8,75,186,adequate,29,2026-04-13,2028-03-17,BATCH-08-075-1076,2026-05-09 10:30:44
511,8,99,27,low,17,2026-04-06,2027-06-04,BATCH-08-099-6570,2026-05-09 10:30:44
512,8,24,495,overstock,23,2026-03-25,2027-11-03,BATCH-08-024-7178,2026-05-09 10:30:44
513,8,80,148,adequate,33,2026-05-07,2027-12-13,BATCH-08-080-2904,2026-05-09 10:30:44
514,8,85,18,low,28,2026-04-16,2028-01-17,BATCH-08-085-9776,2026-05-09 10:30:44
515,8,66,0,out,27,2026-03-26,2027-07-23,BATCH-08-066-2245,2026-05-09 10:30:44
516,8,34,111,adequate,21,2026-04-02,2027-05-09,BATCH-08-034-3994,2026-05-09 10:30:44
517,8,113,321,overstock,38,2026-04-23,2027-05-05,BATCH-08-113-4387,2026-05-09 10:30:44
518,8,93,30,low,39,2026-05-02,2026-12-07,BATCH-08-093-2285,2026-05-09 10:30:44
519,8,88,32,adequate,16,2026-04-08,2027-08-22,BATCH-08-088-6167,2026-05-09 10:30:44
520,8,44,156,adequate,39,2026-04-06,2027-05-20,BATCH-08-044-7518,2026-05-09 10:30:44
521,8,59,15,low,40,2026-04-11,2027-12-09,BATCH-08-059-9859,2026-05-09 10:30:44
522,8,109,0,out,18,2026-03-25,2028-01-19,BATCH-08-109-8537,2026-05-09 10:30:44
523,8,76,84,adequate,33,2026-05-02,2027-07-06,BATCH-08-076-6924,2026-05-09 10:30:44
524,8,9,171,adequate,22,2026-04-21,2027-12-02,BATCH-08-009-6621,2026-05-09 10:30:44
525,8,30,84,adequate,37,2026-04-15,2027-08-15,BATCH-08-030-7563,2026-05-09 10:30:44
526,8,49,29,low,36,2026-04-24,2026-11-17,BATCH-08-049-5422,2026-05-09 10:30:44
527,8,50,128,adequate,19,2026-04-29,2027-12-04,BATCH-08-050-1159,2026-05-09 10:30:44
528,8,17,15,low,32,2026-04-18,2027-12-18,BATCH-08-017-5915,2026-05-09 10:30:44
529,8,14,12,low,37,2026-04-28,2026-10-07,BATCH-08-014-4530,2026-05-09 10:30:44
530,8,3,146,adequate,23,2026-04-15,2027-08-10,BATCH-08-003-5222,2026-05-09 10:30:44
531,8,26,120,adequate,33,2026-04-02,2028-02-09,BATCH-08-026-3859,2026-05-09 10:30:44
532,8,67,462,overstock,30,2026-04-10,2026-10-26,BATCH-08-067-7243,2026-05-09 10:30:44
533,8,65,73,adequate,28,2026-03-29,2028-04-25,BATCH-08-065-7631,2026-05-09 10:30:44
534,8,54,72,adequate,22,2026-04-18,2027-06-27,BATCH-08-054-5773,2026-05-09 10:30:44
535,8,20,100,adequate,39,2026-04-15,2028-03-30,BATCH-08-020-9535,2026-05-09 10:30:44
536,8,117,212,overstock,19,2026-04-23,2027-04-21,BATCH-08-117-2311,2026-05-09 10:30:44
537,8,13,14,low,30,2026-04-03,2026-10-01,BATCH-08-013-1431,2026-05-09 10:30:44
538,8,23,57,adequate,34,2026-04-29,2026-11-01,BATCH-08-023-7387,2026-05-09 10:30:44
539,8,116,144,adequate,19,2026-04-05,2027-01-28,BATCH-08-116-1468,2026-05-09 10:30:44
540,8,5,0,out,32,2026-04-21,2028-02-19,BATCH-08-005-8288,2026-05-09 10:30:44
541,8,69,16,low,35,2026-03-29,2028-03-06,BATCH-08-069-8126,2026-05-09 10:30:44
542,8,83,119,adequate,32,2026-04-24,2026-11-06,BATCH-08-083-8239,2026-05-09 10:30:44
543,8,16,70,adequate,15,2026-05-08,2028-01-24,BATCH-08-016-3233,2026-05-09 10:30:44
544,8,12,33,adequate,39,2026-04-08,2027-06-09,BATCH-08-012-1149,2026-05-09 10:30:44
545,8,114,90,adequate,32,2026-04-15,2027-02-16,BATCH-08-114-7745,2026-05-09 10:30:44
546,8,97,94,adequate,37,2026-03-28,2027-09-10,BATCH-08-097-7199,2026-05-09 10:30:44
547,8,1,24,low,31,2026-03-30,2027-05-12,BATCH-08-001-5664,2026-05-09 10:30:44
548,8,56,136,adequate,17,2026-04-27,2026-12-24,BATCH-08-056-5744,2026-05-09 10:30:44
549,8,84,8,critical,37,2026-03-30,2027-12-23,BATCH-08-084-4076,2026-05-09 10:30:44
550,8,82,167,adequate,20,2026-05-02,2027-05-22,BATCH-08-082-5410,2026-05-09 10:30:44
551,8,48,11,low,19,2026-05-08,2027-12-25,BATCH-08-048-4558,2026-05-09 10:30:44
552,8,6,126,adequate,37,2026-05-06,2027-07-11,BATCH-08-006-2314,2026-05-09 10:30:44
553,8,45,99,adequate,17,2026-04-04,2027-12-01,BATCH-08-045-3975,2026-05-09 10:30:44
554,8,100,23,low,39,2026-04-23,2027-09-05,BATCH-08-100-8257,2026-05-09 10:30:44
555,8,119,17,low,31,2026-03-27,2027-03-08,BATCH-08-119-8746,2026-05-09 10:30:44
556,8,15,71,adequate,38,2026-04-03,2028-01-22,BATCH-08-015-3001,2026-05-09 10:30:44
557,8,52,17,low,36,2026-04-25,2026-11-30,BATCH-08-052-4866,2026-05-09 10:30:44
558,8,31,73,adequate,33,2026-05-01,2027-09-16,BATCH-08-031-4982,2026-05-09 10:30:44
559,8,51,0,out,26,2026-05-03,2027-04-18,BATCH-08-051-3583,2026-05-09 10:30:44
560,8,89,191,adequate,16,2026-04-16,2027-01-11,BATCH-08-089-9787,2026-05-09 10:30:44
561,8,25,90,adequate,32,2026-03-28,2027-07-28,BATCH-08-025-8187,2026-05-09 10:30:44
562,8,103,122,adequate,23,2026-05-06,2027-12-16,BATCH-08-103-8168,2026-05-09 10:30:44
563,8,38,79,adequate,20,2026-04-04,2027-07-29,BATCH-08-038-6303,2026-05-09 10:30:44
564,8,95,172,adequate,17,2026-04-05,2027-01-12,BATCH-08-095-8362,2026-05-09 10:30:44
565,9,105,137,adequate,40,2026-05-05,2028-04-29,BATCH-09-105-5355,2026-05-09 10:30:44
566,9,34,50,adequate,31,2026-05-02,2026-11-18,BATCH-09-034-4784,2026-05-09 10:30:44
567,9,70,165,adequate,33,2026-03-29,2027-02-06,BATCH-09-070-7802,2026-05-09 10:30:44
568,9,47,148,adequate,18,2026-04-28,2027-02-07,BATCH-09-047-7579,2026-05-09 10:30:44
569,9,59,184,adequate,26,2026-04-18,2028-02-21,BATCH-09-059-6319,2026-05-09 10:30:44
570,9,1,113,adequate,33,2026-04-04,2027-03-14,BATCH-09-001-7145,2026-05-09 10:30:44
571,9,100,146,adequate,27,2026-05-08,2026-09-11,BATCH-09-100-5660,2026-05-09 10:30:44
572,9,82,108,adequate,24,2026-04-24,2027-03-14,BATCH-09-082-6159,2026-05-09 10:30:44
573,9,65,0,out,33,2026-04-02,2027-01-12,BATCH-09-065-2544,2026-05-09 10:30:44
574,9,49,0,out,26,2026-04-01,2027-04-19,BATCH-09-049-4817,2026-05-09 10:30:44
575,9,94,13,low,33,2026-04-25,2026-10-25,BATCH-09-094-6319,2026-05-09 10:30:44
576,9,24,178,adequate,34,2026-03-28,2027-06-10,BATCH-09-024-1612,2026-05-09 10:30:44
577,9,3,51,adequate,39,2026-04-17,2027-07-29,BATCH-09-003-8115,2026-05-09 10:30:44
578,9,80,198,adequate,35,2026-03-29,2027-09-02,BATCH-09-080-1886,2026-05-09 10:30:44
579,9,117,169,adequate,19,2026-04-18,2028-01-03,BATCH-09-117-4617,2026-05-09 10:30:44
580,9,114,25,low,31,2026-05-03,2027-03-22,BATCH-09-114-8076,2026-05-09 10:30:44
581,9,107,15,low,17,2026-04-08,2028-03-14,BATCH-09-107-1807,2026-05-09 10:30:44
582,9,31,133,adequate,28,2026-03-25,2026-12-18,BATCH-09-031-3209,2026-05-09 10:30:44
583,9,42,132,adequate,21,2026-04-03,2028-04-28,BATCH-09-042-9589,2026-05-09 10:30:44
584,9,93,19,low,36,2026-04-02,2026-11-06,BATCH-09-093-2843,2026-05-09 10:30:44
585,9,9,120,adequate,25,2026-04-16,2028-04-06,BATCH-09-009-1396,2026-05-09 10:30:44
586,9,85,188,adequate,34,2026-04-29,2027-11-01,BATCH-09-085-1735,2026-05-09 10:30:44
587,9,69,280,overstock,39,2026-05-03,2026-11-30,BATCH-09-069-1893,2026-05-09 10:30:44
588,9,50,15,low,25,2026-03-25,2026-11-28,BATCH-09-050-5999,2026-05-09 10:30:44
589,9,25,84,adequate,21,2026-04-25,2028-02-17,BATCH-09-025-9573,2026-05-09 10:30:44
590,9,68,190,adequate,37,2026-03-25,2026-08-25,BATCH-09-068-7170,2026-05-09 10:30:44
591,9,88,96,adequate,16,2026-04-20,2027-02-28,BATCH-09-088-5444,2026-05-09 10:30:44
592,9,64,1,critical,36,2026-03-27,2027-08-10,BATCH-09-064-2767,2026-05-09 10:30:44
593,9,71,0,out,37,2026-05-02,2027-06-26,BATCH-09-071-8940,2026-05-09 10:30:44
594,9,20,78,adequate,31,2026-04-09,2028-03-03,BATCH-09-020-1352,2026-05-09 10:30:44
595,9,79,0,out,27,2026-04-28,2026-08-25,BATCH-09-079-6681,2026-05-09 10:30:44
596,9,37,91,adequate,23,2026-05-05,2028-05-08,BATCH-09-037-5221,2026-05-09 10:30:44
597,9,102,102,adequate,19,2026-04-17,2027-09-13,BATCH-09-102-3248,2026-05-09 10:30:44
598,9,53,7,critical,28,2026-04-23,2028-03-15,BATCH-09-053-3502,2026-05-09 10:30:44
599,9,83,115,adequate,32,2026-04-30,2027-03-06,BATCH-09-083-3270,2026-05-09 10:30:44
600,9,110,110,adequate,19,2026-04-11,2027-01-02,BATCH-09-110-3589,2026-05-09 10:30:44
601,9,15,61,adequate,25,2026-04-29,2026-09-06,BATCH-09-015-6221,2026-05-09 10:30:44
602,9,13,108,adequate,38,2026-03-29,2027-05-14,BATCH-09-013-3489,2026-05-09 10:30:44
603,9,67,78,adequate,39,2026-03-30,2028-04-29,BATCH-09-067-5372,2026-05-09 10:30:44
604,9,120,183,adequate,22,2026-03-26,2026-09-02,BATCH-09-120-6886,2026-05-09 10:30:44
605,9,6,8,critical,37,2026-03-28,2027-08-24,BATCH-09-006-4014,2026-05-09 10:30:44
606,9,17,66,adequate,21,2026-04-24,2026-09-09,BATCH-09-017-7694,2026-05-09 10:30:44
607,9,23,136,adequate,38,2026-03-27,2027-03-02,BATCH-09-023-4351,2026-05-09 10:30:44
608,9,5,8,critical,29,2026-04-23,2027-10-18,BATCH-09-005-7633,2026-05-09 10:30:44
609,9,26,111,adequate,34,2026-04-02,2028-04-06,BATCH-09-026-9784,2026-05-09 10:30:44
610,9,14,58,adequate,29,2026-05-06,2027-04-15,BATCH-09-014-9498,2026-05-09 10:30:44
611,9,63,130,adequate,39,2026-03-29,2026-09-26,BATCH-09-063-4110,2026-05-09 10:30:44
612,9,96,20,low,20,2026-04-11,2027-06-04,BATCH-09-096-1893,2026-05-09 10:30:44
613,9,86,196,adequate,17,2026-04-06,2026-11-30,BATCH-09-086-3945,2026-05-09 10:30:44
614,9,77,131,adequate,25,2026-04-10,2026-09-01,BATCH-09-077-3930,2026-05-09 10:30:44
615,9,97,54,adequate,25,2026-03-25,2027-01-21,BATCH-09-097-3024,2026-05-09 10:30:44
616,9,74,8,critical,37,2026-04-14,2028-01-12,BATCH-09-074-3619,2026-05-09 10:30:44
617,9,95,74,adequate,33,2026-03-27,2027-01-07,BATCH-09-095-3656,2026-05-09 10:30:44
618,9,33,138,adequate,24,2026-04-10,2027-05-29,BATCH-09-033-3960,2026-05-09 10:30:44
619,9,7,3,critical,15,2026-04-09,2027-12-29,BATCH-09-007-9169,2026-05-09 10:30:44
620,9,106,157,adequate,21,2026-04-01,2027-12-07,BATCH-09-106-8434,2026-05-09 10:30:44
621,9,29,184,adequate,22,2026-04-03,2027-05-18,BATCH-09-029-4401,2026-05-09 10:30:44
622,9,39,3,critical,16,2026-04-29,2026-09-09,BATCH-09-039-5889,2026-05-09 10:30:44
623,9,46,58,adequate,20,2026-04-28,2027-05-25,BATCH-09-046-3906,2026-05-09 10:30:44
624,9,92,248,overstock,39,2026-04-19,2027-07-03,BATCH-09-092-7038,2026-05-09 10:30:44
625,9,115,171,adequate,24,2026-04-08,2026-12-22,BATCH-09-115-2999,2026-05-09 10:30:44
626,9,116,165,adequate,31,2026-04-25,2027-03-09,BATCH-09-116-1953,2026-05-09 10:30:44
627,9,75,9,critical,28,2026-03-31,2027-06-27,BATCH-09-075-5254,2026-05-09 10:30:44
628,9,99,64,adequate,30,2026-04-05,2027-12-29,BATCH-09-099-9069,2026-05-09 10:30:44
629,9,32,105,adequate,15,2026-05-01,2026-08-31,BATCH-09-032-8616,2026-05-09 10:30:44
630,9,54,188,adequate,28,2026-05-06,2027-07-14,BATCH-09-054-6728,2026-05-09 10:30:44
631,9,104,194,adequate,37,2026-04-20,2027-04-24,BATCH-09-104-2111,2026-05-09 10:30:44
632,9,30,113,adequate,18,2026-03-26,2027-07-14,BATCH-09-030-6592,2026-05-09 10:30:44
633,9,52,38,adequate,21,2026-04-17,2027-07-19,BATCH-09-052-8849,2026-05-09 10:30:44
634,10,103,274,overstock,39,2026-05-02,2028-01-17,BATCH-10-103-3174,2026-05-09 10:30:44
635,10,5,25,low,18,2026-05-08,2027-06-21,BATCH-10-005-1721,2026-05-09 10:30:44
636,10,83,116,adequate,16,2026-05-02,2028-01-22,BATCH-10-083-6119,2026-05-09 10:30:44
637,10,18,0,out,21,2026-04-20,2027-05-17,BATCH-10-018-9720,2026-05-09 10:30:44
638,10,62,100,adequate,20,2026-04-21,2026-12-02,BATCH-10-062-1249,2026-05-09 10:30:44
639,10,20,306,overstock,32,2026-04-16,2028-02-20,BATCH-10-020-6218,2026-05-09 10:30:44
640,10,81,29,low,17,2026-04-19,2028-04-25,BATCH-10-081-6549,2026-05-09 10:30:44
641,10,59,38,adequate,36,2026-05-05,2026-11-23,BATCH-10-059-7284,2026-05-09 10:30:44
642,10,111,7,critical,34,2026-04-16,2027-06-22,BATCH-10-111-6444,2026-05-09 10:30:44
643,10,69,150,adequate,19,2026-05-03,2027-11-29,BATCH-10-069-2593,2026-05-09 10:30:44
644,10,43,90,adequate,19,2026-03-30,2027-04-28,BATCH-10-043-6954,2026-05-09 10:30:44
645,10,60,147,adequate,15,2026-05-04,2027-12-06,BATCH-10-060-2849,2026-05-09 10:30:44
646,10,101,103,adequate,34,2026-04-02,2026-12-15,BATCH-10-101-9322,2026-05-09 10:30:44
647,10,105,2,critical,40,2026-04-19,2028-02-03,BATCH-10-105-8552,2026-05-09 10:30:44
648,10,53,189,adequate,32,2026-04-28,2027-12-13,BATCH-10-053-7288,2026-05-09 10:30:44
649,10,96,4,critical,33,2026-04-17,2028-02-15,BATCH-10-096-4869,2026-05-09 10:30:44
650,10,8,29,low,33,2026-03-31,2027-11-24,BATCH-10-008-6330,2026-05-09 10:30:44
651,10,67,109,adequate,17,2026-03-31,2026-11-26,BATCH-10-067-7208,2026-05-09 10:30:44
652,10,39,86,adequate,33,2026-03-29,2026-08-07,BATCH-10-039-3403,2026-05-09 10:30:44
653,10,73,105,adequate,34,2026-04-02,2027-11-07,BATCH-10-073-4205,2026-05-09 10:30:44
654,10,93,20,low,28,2026-04-16,2026-11-06,BATCH-10-093-1133,2026-05-09 10:30:44
655,10,87,63,adequate,16,2026-04-15,2028-02-20,BATCH-10-087-1870,2026-05-09 10:30:44
656,10,41,0,out,15,2026-04-23,2027-10-23,BATCH-10-041-7459,2026-05-09 10:30:44
657,10,72,128,adequate,32,2026-04-25,2027-01-31,BATCH-10-072-8780,2026-05-09 10:30:44
658,10,112,23,low,19,2026-04-20,2026-12-13,BATCH-10-112-3200,2026-05-09 10:30:44
659,10,3,0,out,19,2026-05-03,2026-12-25,BATCH-10-003-7813,2026-05-09 10:30:44
660,10,27,190,adequate,29,2026-04-06,2027-10-15,BATCH-10-027-8373,2026-05-09 10:30:44
661,10,74,139,adequate,33,2026-04-07,2027-04-06,BATCH-10-074-9220,2026-05-09 10:30:44
662,10,88,29,low,16,2026-04-02,2027-12-14,BATCH-10-088-7038,2026-05-09 10:30:44
663,10,110,8,critical,39,2026-04-21,2027-11-26,BATCH-10-110-9469,2026-05-09 10:30:44
664,10,46,10,critical,35,2026-03-27,2026-10-25,BATCH-10-046-9834,2026-05-09 10:30:44
665,10,9,44,adequate,32,2026-05-08,2027-11-30,BATCH-10-009-8438,2026-05-09 10:30:44
666,10,115,115,adequate,26,2026-04-20,2027-05-30,BATCH-10-115-3744,2026-05-09 10:30:44
667,10,36,0,out,16,2026-03-29,2027-12-04,BATCH-10-036-3770,2026-05-09 10:30:44
668,10,4,37,adequate,30,2026-05-03,2026-12-14,BATCH-10-004-9283,2026-05-09 10:30:44
669,10,44,5,critical,23,2026-04-22,2026-08-21,BATCH-10-044-2827,2026-05-09 10:30:44
670,10,49,199,adequate,26,2026-04-27,2027-05-01,BATCH-10-049-4869,2026-05-09 10:30:44
671,10,114,118,adequate,19,2026-03-31,2027-01-11,BATCH-10-114-9125,2026-05-09 10:30:44
672,10,107,91,adequate,38,2026-03-29,2027-01-25,BATCH-10-107-4454,2026-05-09 10:30:44
673,10,22,195,adequate,39,2026-05-01,2026-09-29,BATCH-10-022-3745,2026-05-09 10:30:44
674,10,100,152,adequate,22,2026-04-14,2027-09-10,BATCH-10-100-8775,2026-05-09 10:30:44
675,10,78,24,low,40,2026-04-10,2027-09-02,BATCH-10-078-6172,2026-05-09 10:30:44
676,10,50,382,overstock,28,2026-03-30,2027-05-13,BATCH-10-050-6488,2026-05-09 10:30:44
677,10,24,19,low,27,2026-04-09,2027-04-11,BATCH-10-024-4193,2026-05-09 10:30:44
678,10,15,171,adequate,36,2026-05-08,2026-10-15,BATCH-10-015-1195,2026-05-09 10:30:44
679,10,40,145,adequate,22,2026-04-20,2027-04-21,BATCH-10-040-4163,2026-05-09 10:30:44
680,10,98,0,out,34,2026-03-29,2026-12-09,BATCH-10-098-2965,2026-05-09 10:30:44
681,10,119,10,critical,40,2026-04-27,2026-11-28,BATCH-10-119-4018,2026-05-09 10:30:44
682,10,35,13,low,23,2026-04-11,2027-07-04,BATCH-10-035-5216,2026-05-09 10:30:44
683,10,106,19,low,27,2026-04-17,2026-10-07,BATCH-10-106-5230,2026-05-09 10:30:44
684,10,12,236,overstock,30,2026-04-26,2028-04-22,BATCH-10-012-7432,2026-05-09 10:30:44
685,10,64,14,low,39,2026-04-11,2027-03-18,BATCH-10-064-2740,2026-05-09 10:30:44
686,10,31,238,overstock,17,2026-04-02,2027-04-20,BATCH-10-031-8305,2026-05-09 10:30:44
687,10,48,0,out,16,2026-03-27,2027-09-10,BATCH-10-048-5365,2026-05-09 10:30:44
688,10,58,23,low,31,2026-04-07,2027-12-09,BATCH-10-058-8144,2026-05-09 10:30:44
689,10,102,88,adequate,27,2026-03-25,2027-12-13,BATCH-10-102-2985,2026-05-09 10:30:44
690,10,28,108,adequate,16,2026-03-29,2026-11-07,BATCH-10-028-6985,2026-05-09 10:30:44
691,10,34,148,adequate,35,2026-04-26,2027-02-03,BATCH-10-034-1644,2026-05-09 10:30:44
692,10,92,255,overstock,35,2026-03-25,2027-08-09,BATCH-10-092-8970,2026-05-09 10:30:44
693,10,70,8,critical,21,2026-05-07,2028-04-05,BATCH-10-070-4907,2026-05-09 10:30:44
694,10,104,195,adequate,30,2026-04-04,2027-11-10,BATCH-10-104-1268,2026-05-09 10:30:44
695,10,77,0,out,18,2026-04-25,2028-01-24,BATCH-10-077-8509,2026-05-09 10:30:44
696,10,51,320,overstock,17,2026-05-06,2026-12-29,BATCH-10-051-9010,2026-05-09 10:30:44
697,10,95,42,adequate,37,2026-03-28,2026-12-18,BATCH-10-095-1235,2026-05-09 10:30:44
698,10,79,20,low,34,2026-04-28,2028-04-03,BATCH-10-079-2047,2026-05-09 10:30:44
699,10,13,158,adequate,17,2026-04-26,2027-10-17,BATCH-10-013-6527,2026-05-09 10:30:44
700,10,6,61,adequate,32,2026-04-30,2027-07-02,BATCH-10-006-4493,2026-05-09 10:30:44
701,10,29,116,adequate,18,2026-04-21,2026-12-29,BATCH-10-029-7801,2026-05-09 10:30:44
702,10,33,28,low,22,2026-04-01,2026-09-17,BATCH-10-033-3185,2026-05-09 10:30:44
703,10,2,10,critical,30,2026-05-03,2026-08-13,BATCH-10-002-1118,2026-05-09 10:30:44
704,10,68,29,low,37,2026-04-08,2026-12-14,BATCH-10-068-4377,2026-05-09 10:30:44
705,10,52,27,low,22,2026-04-27,2028-04-23,BATCH-10-052-1616,2026-05-09 10:30:44
706,10,10,53,adequate,26,2026-04-12,2026-08-11,BATCH-10-010-4860,2026-05-09 10:30:44
707,10,55,14,low,39,2026-04-04,2028-01-08,BATCH-10-055-4592,2026-05-09 10:30:44
708,10,118,44,adequate,18,2026-04-29,2027-12-05,BATCH-10-118-9151,2026-05-09 10:30:44
709,11,21,12,low,18,2026-04-09,2027-11-19,BATCH-11-021-7852,2026-05-09 10:30:44
710,11,86,18,low,40,2026-03-29,2028-04-24,BATCH-11-086-3784,2026-05-09 10:30:44
711,11,6,53,adequate,31,2026-04-07,2027-03-16,BATCH-11-006-8757,2026-05-09 10:30:44
712,11,7,140,adequate,22,2026-04-18,2027-10-25,BATCH-11-007-4643,2026-05-09 10:30:44
713,11,83,177,adequate,28,2026-05-06,2026-09-17,BATCH-11-083-8711,2026-05-09 10:30:44
714,11,47,139,adequate,27,2026-04-08,2026-11-15,BATCH-11-047-8412,2026-05-09 10:30:44
715,11,37,34,adequate,21,2026-04-30,2027-08-09,BATCH-11-037-5846,2026-05-09 10:30:44
716,11,27,11,low,20,2026-04-09,2028-03-13,BATCH-11-027-1399,2026-05-09 10:30:44
717,11,56,295,overstock,40,2026-04-15,2027-11-25,BATCH-11-056-1022,2026-05-09 10:30:44
718,11,33,116,adequate,16,2026-04-20,2027-10-17,BATCH-11-033-5420,2026-05-09 10:30:44
719,11,43,178,adequate,40,2026-03-26,2026-10-28,BATCH-11-043-6500,2026-05-09 10:30:44
720,11,79,124,adequate,18,2026-04-14,2027-08-16,BATCH-11-079-8624,2026-05-09 10:30:44
721,11,104,75,adequate,37,2026-05-04,2028-03-03,BATCH-11-104-4354,2026-05-09 10:30:44
722,11,98,18,low,35,2026-04-08,2028-03-23,BATCH-11-098-4437,2026-05-09 10:30:44
723,11,59,121,adequate,31,2026-03-26,2027-10-14,BATCH-11-059-5540,2026-05-09 10:30:44
724,11,118,6,critical,31,2026-04-05,2026-12-10,BATCH-11-118-8703,2026-05-09 10:30:44
725,11,14,146,adequate,40,2026-03-26,2026-10-13,BATCH-11-014-4085,2026-05-09 10:30:44
726,11,95,51,adequate,20,2026-04-20,2026-10-24,BATCH-11-095-2791,2026-05-09 10:30:44
727,11,117,15,low,21,2026-04-05,2026-08-30,BATCH-11-117-5803,2026-05-09 10:30:44
728,11,69,152,adequate,28,2026-04-10,2026-08-28,BATCH-11-069-5776,2026-05-09 10:30:44
729,11,23,18,low,28,2026-04-01,2027-07-24,BATCH-11-023-6346,2026-05-09 10:30:44
730,11,120,144,adequate,24,2026-04-02,2026-12-20,BATCH-11-120-6021,2026-05-09 10:30:44
731,11,4,18,low,24,2026-05-05,2027-01-05,BATCH-11-004-6785,2026-05-09 10:30:44
732,11,63,30,low,24,2026-04-27,2027-02-02,BATCH-11-063-3514,2026-05-09 10:30:44
733,11,66,12,low,19,2026-04-10,2027-04-30,BATCH-11-066-7056,2026-05-09 10:30:44
734,11,15,12,low,19,2026-04-15,2027-11-09,BATCH-11-015-9845,2026-05-09 10:30:44
735,11,10,213,overstock,27,2026-04-07,2027-01-02,BATCH-11-010-8504,2026-05-09 10:30:44
736,11,31,460,overstock,25,2026-03-28,2027-06-05,BATCH-11-031-8764,2026-05-09 10:30:44
737,11,57,175,adequate,25,2026-03-25,2026-11-30,BATCH-11-057-8847,2026-05-09 10:30:44
738,11,76,358,overstock,15,2026-04-13,2028-04-30,BATCH-11-076-4610,2026-05-09 10:30:44
739,11,75,45,adequate,33,2026-04-05,2027-03-22,BATCH-11-075-5553,2026-05-09 10:30:44
740,11,42,28,low,31,2026-04-13,2027-02-22,BATCH-11-042-9035,2026-05-09 10:30:44
741,11,54,45,adequate,27,2026-04-29,2027-10-18,BATCH-11-054-7056,2026-05-09 10:30:44
742,11,26,119,adequate,24,2026-04-10,2028-03-03,BATCH-11-026-2435,2026-05-09 10:30:44
743,11,89,24,low,20,2026-04-11,2027-10-05,BATCH-11-089-3286,2026-05-09 10:30:44
744,11,30,67,adequate,24,2026-04-08,2028-01-26,BATCH-11-030-6495,2026-05-09 10:30:44
745,11,103,10,critical,28,2026-03-29,2027-05-13,BATCH-11-103-7791,2026-05-09 10:30:44
746,11,119,29,low,20,2026-04-14,2027-05-30,BATCH-11-119-9037,2026-05-09 10:30:44
747,11,85,5,critical,32,2026-04-09,2027-03-24,BATCH-11-085-1439,2026-05-09 10:30:44
748,11,13,107,adequate,18,2026-03-28,2027-05-28,BATCH-11-013-7834,2026-05-09 10:30:44
749,11,93,11,low,30,2026-05-04,2028-04-11,BATCH-11-093-6927,2026-05-09 10:30:44
750,11,53,97,adequate,37,2026-05-01,2027-08-24,BATCH-11-053-9397,2026-05-09 10:30:44
751,11,87,72,adequate,16,2026-04-29,2027-06-30,BATCH-11-087-8553,2026-05-09 10:30:44
752,11,49,72,adequate,23,2026-04-15,2027-10-10,BATCH-11-049-6832,2026-05-09 10:30:44
753,11,29,5,critical,31,2026-04-26,2027-02-10,BATCH-11-029-2548,2026-05-09 10:30:44
754,11,94,113,adequate,36,2026-04-19,2027-05-11,BATCH-11-094-6939,2026-05-09 10:30:44
755,11,61,10,critical,19,2026-04-05,2027-05-22,BATCH-11-061-7111,2026-05-09 10:30:44
756,11,97,72,adequate,21,2026-04-29,2028-01-04,BATCH-11-097-4622,2026-05-09 10:30:44
757,11,102,165,adequate,37,2026-04-03,2026-12-01,BATCH-11-102-7837,2026-05-09 10:30:44
758,11,112,64,adequate,30,2026-04-16,2027-06-22,BATCH-11-112-6940,2026-05-09 10:30:44
759,11,19,30,low,20,2026-04-19,2026-09-05,BATCH-11-019-2943,2026-05-09 10:30:44
760,11,28,18,low,21,2026-04-30,2026-10-26,BATCH-11-028-7960,2026-05-09 10:30:44
761,11,106,35,adequate,39,2026-04-11,2026-09-19,BATCH-11-106-4217,2026-05-09 10:30:44
762,11,100,9,critical,18,2026-04-22,2026-09-20,BATCH-11-100-2085,2026-05-09 10:30:44
763,11,50,62,adequate,33,2026-04-26,2027-02-12,BATCH-11-050-6759,2026-05-09 10:30:44
764,11,48,0,out,26,2026-04-28,2028-01-01,BATCH-11-048-4962,2026-05-09 10:30:44
765,11,18,179,adequate,31,2026-04-25,2027-02-19,BATCH-11-018-5617,2026-05-09 10:30:44
766,11,82,11,low,31,2026-04-08,2027-08-17,BATCH-11-082-4033,2026-05-09 10:30:44
767,11,115,121,adequate,28,2026-04-25,2028-01-15,BATCH-11-115-4728,2026-05-09 10:30:44
768,11,81,150,adequate,31,2026-04-30,2027-12-27,BATCH-11-081-6918,2026-05-09 10:30:44
769,11,41,52,adequate,30,2026-05-01,2027-09-05,BATCH-11-041-5646,2026-05-09 10:30:44
770,11,67,88,adequate,28,2026-04-20,2027-10-19,BATCH-11-067-4093,2026-05-09 10:30:44
771,11,64,76,adequate,36,2026-04-07,2026-11-22,BATCH-11-064-7494,2026-05-09 10:30:44
772,11,74,67,adequate,27,2026-03-25,2028-04-02,BATCH-11-074-2666,2026-05-09 10:30:44
773,11,22,124,adequate,25,2026-04-26,2028-04-07,BATCH-11-022-7623,2026-05-09 10:30:44
774,12,30,0,out,29,2026-04-18,2027-08-27,BATCH-12-030-8250,2026-05-09 10:30:44
775,12,108,173,adequate,37,2026-04-28,2027-12-23,BATCH-12-108-8056,2026-05-09 10:30:44
776,12,55,26,low,36,2026-04-07,2028-02-25,BATCH-12-055-9837,2026-05-09 10:30:44
777,12,93,71,adequate,16,2026-04-13,2027-05-03,BATCH-12-093-9105,2026-05-09 10:30:44
778,12,64,121,adequate,25,2026-05-05,2026-09-04,BATCH-12-064-1739,2026-05-09 10:30:44
779,12,36,22,low,39,2026-03-29,2027-07-22,BATCH-12-036-7235,2026-05-09 10:30:44
780,12,98,6,critical,16,2026-03-27,2027-04-14,BATCH-12-098-5056,2026-05-09 10:30:44
781,12,92,29,low,24,2026-05-01,2027-07-18,BATCH-12-092-3781,2026-05-09 10:30:44
782,12,99,0,out,33,2026-04-06,2027-10-12,BATCH-12-099-5368,2026-05-09 10:30:44
783,12,75,0,out,27,2026-04-02,2027-09-10,BATCH-12-075-6282,2026-05-09 10:30:44
784,12,76,83,adequate,30,2026-04-06,2027-07-20,BATCH-12-076-3730,2026-05-09 10:30:44
785,12,35,82,adequate,35,2026-05-04,2028-02-06,BATCH-12-035-4507,2026-05-09 10:30:44
786,12,97,20,low,40,2026-04-24,2028-05-07,BATCH-12-097-2506,2026-05-09 10:30:44
787,12,102,182,adequate,23,2026-05-04,2028-03-09,BATCH-12-102-9700,2026-05-09 10:30:44
788,12,103,50,adequate,31,2026-04-19,2027-10-24,BATCH-12-103-9846,2026-05-09 10:30:44
789,12,83,95,adequate,29,2026-03-27,2028-02-18,BATCH-12-083-3958,2026-05-09 10:30:44
790,12,52,178,adequate,21,2026-03-27,2027-11-28,BATCH-12-052-5389,2026-05-09 10:30:44
791,12,46,490,overstock,38,2026-03-29,2026-10-07,BATCH-12-046-9556,2026-05-09 10:30:44
792,12,61,15,low,38,2026-03-26,2027-06-10,BATCH-12-061-8133,2026-05-09 10:30:44
793,12,86,136,adequate,24,2026-03-28,2027-01-18,BATCH-12-086-5201,2026-05-09 10:30:44
794,12,78,92,adequate,19,2026-04-26,2026-09-04,BATCH-12-078-5023,2026-05-09 10:30:44
795,12,104,155,adequate,28,2026-04-11,2026-09-13,BATCH-12-104-4309,2026-05-09 10:30:44
796,12,63,11,low,36,2026-04-03,2027-02-03,BATCH-12-063-1691,2026-05-09 10:30:44
797,12,66,243,overstock,25,2026-03-31,2027-06-08,BATCH-12-066-2041,2026-05-09 10:30:44
798,12,115,247,overstock,27,2026-04-30,2027-04-05,BATCH-12-115-2833,2026-05-09 10:30:44
799,12,19,164,adequate,39,2026-04-05,2027-04-21,BATCH-12-019-9133,2026-05-09 10:30:44
800,12,59,62,adequate,25,2026-04-01,2027-09-10,BATCH-12-059-4865,2026-05-09 10:30:44
801,12,14,290,overstock,21,2026-04-21,2027-10-31,BATCH-12-014-7690,2026-05-09 10:30:44
802,12,16,12,low,26,2026-03-25,2026-11-30,BATCH-12-016-6185,2026-05-09 10:30:44
803,12,33,102,adequate,26,2026-04-08,2027-08-18,BATCH-12-033-6049,2026-05-09 10:30:44
804,12,114,0,out,37,2026-03-27,2027-04-09,BATCH-12-114-5144,2026-05-09 10:30:44
805,12,116,62,adequate,22,2026-04-10,2027-09-08,BATCH-12-116-1128,2026-05-09 10:30:44
806,12,120,247,overstock,39,2026-04-23,2027-06-07,BATCH-12-120-4446,2026-05-09 10:30:44
807,12,81,192,adequate,40,2026-03-28,2027-09-27,BATCH-12-081-1555,2026-05-09 10:30:44
808,12,18,26,low,25,2026-04-11,2026-11-17,BATCH-12-018-3627,2026-05-09 10:30:44
809,12,4,121,adequate,34,2026-04-03,2027-07-07,BATCH-12-004-8426,2026-05-09 10:30:44
810,12,13,192,adequate,40,2026-03-28,2026-12-24,BATCH-12-013-1050,2026-05-09 10:30:44
811,12,7,178,adequate,18,2026-04-28,2027-04-19,BATCH-12-007-9460,2026-05-09 10:30:44
812,12,9,136,adequate,29,2026-04-08,2026-12-21,BATCH-12-009-5270,2026-05-09 10:30:44
813,12,89,21,low,17,2026-04-12,2027-08-18,BATCH-12-089-3980,2026-05-09 10:30:44
814,12,85,88,adequate,15,2026-04-03,2028-04-24,BATCH-12-085-4747,2026-05-09 10:30:44
815,12,23,287,overstock,16,2026-04-13,2028-04-30,BATCH-12-023-8027,2026-05-09 10:30:44
816,12,49,125,adequate,33,2026-05-01,2026-08-21,BATCH-12-049-9615,2026-05-09 10:30:44
817,12,42,61,adequate,37,2026-04-25,2027-02-18,BATCH-12-042-5361,2026-05-09 10:30:44
818,12,20,23,low,21,2026-03-31,2027-03-15,BATCH-12-020-5636,2026-05-09 10:30:44
819,12,39,77,adequate,40,2026-04-29,2026-09-05,BATCH-12-039-5754,2026-05-09 10:30:44
820,12,84,328,overstock,26,2026-04-01,2027-11-19,BATCH-12-084-2404,2026-05-09 10:30:44
821,12,10,0,out,37,2026-04-14,2027-10-14,BATCH-12-010-5198,2026-05-09 10:30:44
822,12,67,9,critical,22,2026-04-08,2027-08-04,BATCH-12-067-1745,2026-05-09 10:30:44
823,12,87,0,out,27,2026-03-27,2027-08-21,BATCH-12-087-3166,2026-05-09 10:30:44
824,12,60,292,overstock,23,2026-04-28,2028-01-04,BATCH-12-060-9074,2026-05-09 10:30:44
825,12,26,363,overstock,37,2026-04-05,2027-10-24,BATCH-12-026-3323,2026-05-09 10:30:44
826,12,38,12,low,23,2026-04-15,2027-10-21,BATCH-12-038-5635,2026-05-09 10:30:44
827,12,71,465,overstock,25,2026-04-11,2027-01-22,BATCH-12-071-6169,2026-05-09 10:30:44
828,12,90,173,adequate,16,2026-04-26,2027-01-06,BATCH-12-090-1894,2026-05-09 10:30:44
829,12,65,26,low,37,2026-04-09,2027-10-27,BATCH-12-065-2900,2026-05-09 10:30:44
830,12,34,383,overstock,37,2026-04-03,2027-12-16,BATCH-12-034-8499,2026-05-09 10:30:44
831,12,109,120,adequate,21,2026-04-20,2027-02-07,BATCH-12-109-3757,2026-05-09 10:30:44
832,12,22,200,adequate,21,2026-04-01,2026-08-11,BATCH-12-022-9618,2026-05-09 10:30:44
833,12,112,50,adequate,39,2026-04-07,2026-11-11,BATCH-12-112-6384,2026-05-09 10:30:44
834,12,56,0,out,25,2026-04-29,2026-09-05,BATCH-12-056-2328,2026-05-09 10:30:44
835,12,119,191,adequate,34,2026-03-27,2026-08-12,BATCH-12-119-6397,2026-05-09 10:30:44
836,12,94,492,overstock,19,2026-04-25,2026-09-25,BATCH-12-094-5635,2026-05-09 10:30:44
837,13,103,107,adequate,19,2026-03-26,2027-06-10,BATCH-13-103-5073,2026-05-09 10:30:44
838,13,8,43,adequate,17,2026-05-06,2028-01-14,BATCH-13-008-2763,2026-05-09 10:30:44
839,13,96,149,adequate,23,2026-04-16,2027-04-24,BATCH-13-096-2339,2026-05-09 10:30:44
840,13,10,200,adequate,20,2026-04-27,2027-09-13,BATCH-13-010-1741,2026-05-09 10:30:44
841,13,71,5,critical,39,2026-03-27,2027-11-10,BATCH-13-071-5342,2026-05-09 10:30:44
842,13,78,78,adequate,38,2026-03-31,2027-04-29,BATCH-13-078-2742,2026-05-09 10:30:44
843,13,49,132,adequate,15,2026-04-28,2027-12-08,BATCH-13-049-8539,2026-05-09 10:30:44
844,13,12,108,adequate,37,2026-03-26,2027-09-15,BATCH-13-012-5958,2026-05-09 10:30:44
845,13,52,3,critical,15,2026-03-25,2027-02-15,BATCH-13-052-1439,2026-05-09 10:30:44
846,13,33,18,low,21,2026-05-03,2027-06-11,BATCH-13-033-8592,2026-05-09 10:30:44
847,13,23,11,low,19,2026-03-25,2027-11-05,BATCH-13-023-8947,2026-05-09 10:30:44
848,13,31,93,adequate,24,2026-04-02,2027-09-12,BATCH-13-031-1834,2026-05-09 10:30:44
849,13,99,137,adequate,38,2026-04-01,2028-04-08,BATCH-13-099-5764,2026-05-09 10:30:44
850,13,112,0,out,22,2026-05-05,2028-01-29,BATCH-13-112-1311,2026-05-09 10:30:44
851,13,113,47,adequate,35,2026-04-12,2027-12-04,BATCH-13-113-2915,2026-05-09 10:30:44
852,13,3,142,adequate,20,2026-04-20,2027-02-19,BATCH-13-003-8688,2026-05-09 10:30:44
853,13,27,87,adequate,34,2026-03-27,2027-11-29,BATCH-13-027-3148,2026-05-09 10:30:44
854,13,21,198,adequate,40,2026-04-08,2027-01-19,BATCH-13-021-4394,2026-05-09 10:30:44
855,13,50,26,low,21,2026-04-28,2028-04-18,BATCH-13-050-9063,2026-05-09 10:30:44
856,13,100,7,critical,21,2026-04-03,2026-09-24,BATCH-13-100-1297,2026-05-09 10:30:44
857,13,107,71,adequate,31,2026-05-06,2026-10-11,BATCH-13-107-6533,2026-05-09 10:30:44
858,13,37,61,adequate,22,2026-04-07,2027-04-28,BATCH-13-037-6575,2026-05-09 10:30:44
859,13,83,99,adequate,37,2026-04-06,2028-04-16,BATCH-13-083-2706,2026-05-09 10:30:44
860,13,97,59,adequate,40,2026-03-30,2028-04-22,BATCH-13-097-2669,2026-05-09 10:30:44
861,13,84,57,adequate,35,2026-05-01,2027-03-05,BATCH-13-084-6925,2026-05-09 10:30:44
862,13,20,25,low,38,2026-05-02,2027-01-11,BATCH-13-020-6959,2026-05-09 10:30:44
863,13,16,82,adequate,28,2026-05-08,2027-04-15,BATCH-13-016-8760,2026-05-09 10:30:44
864,13,39,52,adequate,26,2026-04-12,2027-08-11,BATCH-13-039-5021,2026-05-09 10:30:44
865,13,63,24,low,40,2026-04-11,2027-10-04,BATCH-13-063-7706,2026-05-09 10:30:44
866,13,56,38,adequate,19,2026-05-08,2028-01-18,BATCH-13-056-2140,2026-05-09 10:30:44
867,13,40,6,critical,16,2026-04-13,2026-09-13,BATCH-13-040-3473,2026-05-09 10:30:44
868,13,88,415,overstock,27,2026-03-26,2028-02-24,BATCH-13-088-5986,2026-05-09 10:30:44
869,13,115,33,adequate,31,2026-03-30,2027-01-04,BATCH-13-115-7618,2026-05-09 10:30:44
870,13,17,190,adequate,37,2026-04-16,2027-09-25,BATCH-13-017-4232,2026-05-09 10:30:44
871,13,46,168,adequate,27,2026-04-30,2028-01-21,BATCH-13-046-9860,2026-05-09 10:30:44
872,13,13,27,low,31,2026-04-17,2027-01-17,BATCH-13-013-1383,2026-05-09 10:30:44
873,13,48,0,out,39,2026-04-19,2027-10-13,BATCH-13-048-9278,2026-05-09 10:30:44
874,13,66,1,critical,26,2026-05-01,2026-09-24,BATCH-13-066-3043,2026-05-09 10:30:44
875,13,26,147,adequate,22,2026-04-01,2028-03-08,BATCH-13-026-9737,2026-05-09 10:30:44
876,13,92,107,adequate,36,2026-04-02,2026-12-28,BATCH-13-092-7187,2026-05-09 10:30:44
877,13,58,114,adequate,33,2026-04-26,2027-08-11,BATCH-13-058-8443,2026-05-09 10:30:44
878,13,102,7,critical,16,2026-04-11,2026-12-18,BATCH-13-102-8802,2026-05-09 10:30:44
879,13,61,22,low,33,2026-04-03,2028-01-20,BATCH-13-061-7468,2026-05-09 10:30:44
880,13,35,193,adequate,29,2026-03-25,2027-12-21,BATCH-13-035-7830,2026-05-09 10:30:44
881,13,73,63,adequate,37,2026-04-09,2026-12-17,BATCH-13-073-9408,2026-05-09 10:30:44
882,13,55,147,adequate,16,2026-04-28,2028-03-01,BATCH-13-055-7051,2026-05-09 10:30:44
883,13,106,257,overstock,18,2026-04-15,2028-03-14,BATCH-13-106-5744,2026-05-09 10:30:44
884,13,75,3,critical,26,2026-04-19,2027-06-04,BATCH-13-075-8961,2026-05-09 10:30:44
885,13,118,0,out,16,2026-04-19,2027-05-24,BATCH-13-118-4532,2026-05-09 10:30:44
886,13,24,11,low,26,2026-05-04,2026-09-21,BATCH-13-024-7841,2026-05-09 10:30:44
887,13,91,146,adequate,40,2026-04-14,2027-12-06,BATCH-13-091-3175,2026-05-09 10:30:44
888,13,76,146,adequate,19,2026-04-18,2026-11-06,BATCH-13-076-7711,2026-05-09 10:30:44
889,13,74,169,adequate,36,2026-04-10,2027-05-18,BATCH-13-074-2450,2026-05-09 10:30:44
890,13,6,192,adequate,32,2026-03-28,2026-12-11,BATCH-13-006-2395,2026-05-09 10:30:44
891,13,98,28,low,33,2026-04-05,2027-02-16,BATCH-13-098-8796,2026-05-09 10:30:44
892,13,44,199,adequate,20,2026-05-07,2027-05-15,BATCH-13-044-4371,2026-05-09 10:30:44
893,13,60,25,low,34,2026-04-18,2027-09-22,BATCH-13-060-1737,2026-05-09 10:30:44
894,13,65,142,adequate,28,2026-05-07,2028-01-29,BATCH-13-065-6199,2026-05-09 10:30:44
895,13,15,56,adequate,20,2026-04-20,2027-01-01,BATCH-13-015-3992,2026-05-09 10:30:44
896,13,42,15,low,36,2026-04-28,2026-10-06,BATCH-13-042-6329,2026-05-09 10:30:44
897,13,81,20,low,25,2026-04-29,2027-10-03,BATCH-13-081-6311,2026-05-09 10:30:44
898,13,86,12,low,39,2026-03-31,2028-03-29,BATCH-13-086-4874,2026-05-09 10:30:44
899,13,117,60,adequate,16,2026-04-18,2027-11-25,BATCH-13-117-7669,2026-05-09 10:30:44
900,13,32,1,critical,15,2026-04-21,2028-02-25,BATCH-13-032-2663,2026-05-09 10:30:44
901,13,34,15,low,28,2026-04-10,2026-10-31,BATCH-13-034-9199,2026-05-09 10:30:44
902,13,41,22,low,40,2026-04-23,2028-02-08,BATCH-13-041-7942,2026-05-09 10:30:44
903,13,89,201,overstock,29,2026-03-30,2027-05-30,BATCH-13-089-3742,2026-05-09 10:30:44
904,13,70,0,out,36,2026-04-14,2027-08-01,BATCH-13-070-4485,2026-05-09 10:30:44
905,13,67,42,adequate,38,2026-04-04,2028-03-05,BATCH-13-067-2145,2026-05-09 10:30:44
906,13,19,66,adequate,23,2026-04-11,2027-03-10,BATCH-13-019-9270,2026-05-09 10:30:44
907,14,114,22,low,30,2026-03-31,2027-03-09,BATCH-14-114-1116,2026-05-09 10:30:44
908,14,88,14,low,31,2026-04-07,2027-01-28,BATCH-14-088-4174,2026-05-09 10:30:44
909,14,44,175,adequate,17,2026-04-01,2026-12-16,BATCH-14-044-2065,2026-05-09 10:30:44
910,14,82,18,low,21,2026-03-26,2026-08-30,BATCH-14-082-9731,2026-05-09 10:30:44
911,14,34,31,adequate,35,2026-03-26,2026-09-29,BATCH-14-034-6292,2026-05-09 10:30:44
912,14,97,62,adequate,29,2026-04-07,2027-08-12,BATCH-14-097-9474,2026-05-09 10:30:44
913,14,91,102,adequate,32,2026-04-10,2027-06-26,BATCH-14-091-1084,2026-05-09 10:30:44
914,14,58,177,adequate,38,2026-04-24,2027-10-14,BATCH-14-058-2219,2026-05-09 10:30:44
915,14,35,360,overstock,17,2026-03-29,2028-05-08,BATCH-14-035-2584,2026-05-09 10:30:44
916,14,32,0,out,23,2026-04-23,2026-11-25,BATCH-14-032-8759,2026-05-09 10:30:44
917,14,85,12,low,40,2026-04-23,2026-10-20,BATCH-14-085-8184,2026-05-09 10:30:44
918,14,42,62,adequate,16,2026-05-06,2027-08-28,BATCH-14-042-6132,2026-05-09 10:30:44
919,14,118,46,adequate,16,2026-04-19,2028-04-23,BATCH-14-118-8075,2026-05-09 10:30:44
920,14,27,1,critical,27,2026-04-13,2026-11-13,BATCH-14-027-7735,2026-05-09 10:30:44
921,14,59,30,low,27,2026-04-09,2027-10-19,BATCH-14-059-2659,2026-05-09 10:30:44
922,14,77,163,adequate,33,2026-04-26,2026-11-25,BATCH-14-077-2682,2026-05-09 10:30:44
923,14,43,0,out,19,2026-03-29,2028-01-10,BATCH-14-043-5198,2026-05-09 10:30:44
924,14,3,144,adequate,22,2026-04-30,2026-09-21,BATCH-14-003-1991,2026-05-09 10:30:44
925,14,89,24,low,24,2026-04-01,2028-02-12,BATCH-14-089-3385,2026-05-09 10:30:44
926,14,18,30,low,26,2026-05-08,2028-01-19,BATCH-14-018-3369,2026-05-09 10:30:44
927,14,83,9,critical,26,2026-04-26,2027-02-28,BATCH-14-083-4297,2026-05-09 10:30:44
928,14,1,152,adequate,34,2026-03-25,2027-07-12,BATCH-14-001-6499,2026-05-09 10:30:44
929,14,78,72,adequate,29,2026-05-06,2027-12-27,BATCH-14-078-4594,2026-05-09 10:30:44
930,14,61,310,overstock,22,2026-04-08,2027-07-12,BATCH-14-061-7158,2026-05-09 10:30:44
931,14,99,11,low,17,2026-04-16,2026-09-06,BATCH-14-099-2887,2026-05-09 10:30:44
932,14,2,17,low,39,2026-04-15,2026-09-20,BATCH-14-002-1486,2026-05-09 10:30:44
933,14,87,16,low,38,2026-04-27,2027-07-20,BATCH-14-087-5029,2026-05-09 10:30:44
934,14,23,16,low,15,2026-03-26,2026-12-25,BATCH-14-023-7208,2026-05-09 10:30:44
935,14,53,84,adequate,29,2026-04-23,2027-08-20,BATCH-14-053-7100,2026-05-09 10:30:44
936,14,72,142,adequate,18,2026-04-29,2026-12-18,BATCH-14-072-4107,2026-05-09 10:30:44
937,14,90,22,low,35,2026-04-23,2026-09-23,BATCH-14-090-4098,2026-05-09 10:30:44
938,14,63,114,adequate,16,2026-03-29,2027-05-20,BATCH-14-063-3071,2026-05-09 10:30:44
939,14,51,84,adequate,40,2026-04-08,2028-04-27,BATCH-14-051-2062,2026-05-09 10:30:44
940,14,69,27,low,31,2026-04-09,2027-02-06,BATCH-14-069-6272,2026-05-09 10:30:44
941,14,11,157,adequate,23,2026-04-01,2027-09-21,BATCH-14-011-1599,2026-05-09 10:30:44
942,14,84,25,low,21,2026-04-19,2027-10-16,BATCH-14-084-7178,2026-05-09 10:30:44
943,14,110,171,adequate,19,2026-05-03,2027-06-05,BATCH-14-110-8282,2026-05-09 10:30:44
944,14,10,41,adequate,31,2026-03-30,2027-07-17,BATCH-14-010-7981,2026-05-09 10:30:44
945,14,94,125,adequate,25,2026-04-21,2027-09-02,BATCH-14-094-1404,2026-05-09 10:30:44
946,14,4,19,low,26,2026-05-03,2027-06-04,BATCH-14-004-9220,2026-05-09 10:30:44
947,14,57,89,adequate,18,2026-05-04,2027-08-10,BATCH-14-057-1627,2026-05-09 10:30:44
948,14,16,115,adequate,24,2026-03-26,2027-05-15,BATCH-14-016-4123,2026-05-09 10:30:44
949,14,46,97,adequate,39,2026-04-19,2027-05-22,BATCH-14-046-6679,2026-05-09 10:30:44
950,14,49,179,adequate,30,2026-03-28,2028-01-13,BATCH-14-049-3445,2026-05-09 10:30:44
951,14,98,84,adequate,22,2026-04-05,2028-03-30,BATCH-14-098-8679,2026-05-09 10:30:44
952,14,50,52,adequate,21,2026-04-11,2027-10-08,BATCH-14-050-4433,2026-05-09 10:30:44
953,14,93,126,adequate,33,2026-04-30,2027-06-15,BATCH-14-093-1158,2026-05-09 10:30:44
954,14,95,88,adequate,28,2026-03-26,2027-09-24,BATCH-14-095-9808,2026-05-09 10:30:44
955,14,79,11,low,19,2026-04-29,2027-07-11,BATCH-14-079-7404,2026-05-09 10:30:44
956,14,60,474,overstock,27,2026-04-26,2027-12-06,BATCH-14-060-2779,2026-05-09 10:30:44
957,14,48,54,adequate,18,2026-03-26,2028-02-24,BATCH-14-048-3910,2026-05-09 10:30:44
958,14,25,0,out,21,2026-05-04,2027-09-06,BATCH-14-025-5650,2026-05-09 10:30:44
959,14,80,27,low,16,2026-04-15,2028-01-19,BATCH-14-080-1180,2026-05-09 10:30:44
960,14,73,23,low,19,2026-04-04,2027-10-09,BATCH-14-073-8835,2026-05-09 10:30:44
961,14,29,64,adequate,24,2026-04-11,2027-12-06,BATCH-14-029-3601,2026-05-09 10:30:44
962,14,103,82,adequate,37,2026-03-26,2027-11-19,BATCH-14-103-5512,2026-05-09 10:30:44
963,14,36,25,low,34,2026-04-23,2028-01-27,BATCH-14-036-6388,2026-05-09 10:30:44
964,14,108,495,overstock,16,2026-05-03,2027-05-28,BATCH-14-108-8476,2026-05-09 10:30:44
965,14,106,187,adequate,28,2026-04-23,2027-02-06,BATCH-14-106-8079,2026-05-09 10:30:44
966,14,76,55,adequate,37,2026-05-06,2027-04-09,BATCH-14-076-3587,2026-05-09 10:30:44
967,14,74,20,low,30,2026-04-12,2028-02-24,BATCH-14-074-2986,2026-05-09 10:30:44
968,14,13,367,overstock,28,2026-04-10,2027-01-22,BATCH-14-013-5141,2026-05-09 10:30:44
969,14,6,25,low,35,2026-03-25,2027-11-22,BATCH-14-006-7244,2026-05-09 10:30:44
970,14,92,132,adequate,15,2026-04-22,2026-12-02,BATCH-14-092-3236,2026-05-09 10:30:44
971,14,40,149,adequate,17,2026-04-03,2027-04-12,BATCH-14-040-8171,2026-05-09 10:30:44
972,14,41,16,low,34,2026-05-02,2027-02-04,BATCH-14-041-5819,2026-05-09 10:30:44
973,14,20,16,low,36,2026-04-21,2027-01-11,BATCH-14-020-8219,2026-05-09 10:30:44
974,14,52,167,adequate,29,2026-03-25,2026-09-24,BATCH-14-052-9566,2026-05-09 10:30:44
975,14,115,109,adequate,16,2026-03-31,2026-08-11,BATCH-14-115-1797,2026-05-09 10:30:44
976,14,15,126,adequate,21,2026-05-03,2026-08-23,BATCH-14-015-7908,2026-05-09 10:30:44
977,15,2,116,adequate,35,2026-03-25,2027-06-28,BATCH-15-002-8899,2026-05-09 10:30:44
978,15,44,1,critical,27,2026-04-06,2027-04-02,BATCH-15-044-9248,2026-05-09 10:30:44
979,15,106,36,adequate,24,2026-04-23,2027-10-19,BATCH-15-106-4990,2026-05-09 10:30:44
980,15,25,126,adequate,24,2026-04-26,2027-01-09,BATCH-15-025-7156,2026-05-09 10:30:44
981,15,88,18,low,38,2026-04-17,2026-12-22,BATCH-15-088-5556,2026-05-09 10:30:44
982,15,86,137,adequate,39,2026-05-07,2027-03-29,BATCH-15-086-6427,2026-05-09 10:30:44
983,15,9,44,adequate,40,2026-03-26,2027-03-22,BATCH-15-009-7250,2026-05-09 10:30:44
984,15,29,192,adequate,17,2026-04-07,2026-10-17,BATCH-15-029-4153,2026-05-09 10:30:44
985,15,13,3,critical,20,2026-04-01,2028-02-20,BATCH-15-013-4348,2026-05-09 10:30:44
986,15,103,24,low,20,2026-04-26,2027-04-14,BATCH-15-103-7947,2026-05-09 10:30:44
987,15,107,20,low,29,2026-03-29,2027-03-01,BATCH-15-107-5454,2026-05-09 10:30:44
988,15,110,123,adequate,27,2026-04-28,2027-12-02,BATCH-15-110-8231,2026-05-09 10:30:44
989,15,115,70,adequate,15,2026-04-14,2027-10-18,BATCH-15-115-2363,2026-05-09 10:30:44
990,15,22,168,adequate,32,2026-04-27,2027-04-27,BATCH-15-022-7233,2026-05-09 10:30:44
991,15,93,127,adequate,34,2026-04-08,2026-10-19,BATCH-15-093-6459,2026-05-09 10:30:44
992,15,109,17,low,15,2026-05-08,2028-01-01,BATCH-15-109-7131,2026-05-09 10:30:44
993,15,6,126,adequate,30,2026-04-19,2028-03-31,BATCH-15-006-2167,2026-05-09 10:30:44
994,15,54,129,adequate,20,2026-04-26,2027-10-27,BATCH-15-054-5182,2026-05-09 10:30:44
995,15,66,156,adequate,37,2026-05-05,2027-09-05,BATCH-15-066-7947,2026-05-09 10:30:44
996,15,14,39,adequate,35,2026-03-26,2026-09-04,BATCH-15-014-3422,2026-05-09 10:30:44
997,15,42,15,low,34,2026-04-01,2027-01-19,BATCH-15-042-1202,2026-05-09 10:30:44
998,15,100,2,critical,31,2026-04-26,2027-10-14,BATCH-15-100-3716,2026-05-09 10:30:44
999,15,72,159,adequate,36,2026-04-14,2028-03-29,BATCH-15-072-6045,2026-05-09 10:30:44
1000,15,81,193,adequate,39,2026-04-16,2026-12-31,BATCH-15-081-5407,2026-05-09 10:30:44
1001,15,117,32,adequate,30,2026-05-08,2026-11-14,BATCH-15-117-2144,2026-05-09 10:30:44
1002,15,80,137,adequate,38,2026-04-11,2027-01-28,BATCH-15-080-3890,2026-05-09 10:30:44
1003,15,27,155,adequate,31,2026-05-01,2027-11-11,BATCH-15-027-4482,2026-05-09 10:30:44
1004,15,70,16,low,28,2026-04-10,2028-05-07,BATCH-15-070-2789,2026-05-09 10:30:44
1005,15,51,106,adequate,27,2026-05-01,2027-05-17,BATCH-15-051-2052,2026-05-09 10:30:44
1006,15,55,153,adequate,36,2026-05-02,2026-08-16,BATCH-15-055-2000,2026-05-09 10:30:44
1007,15,16,29,low,21,2026-04-05,2026-08-14,BATCH-15-016-7154,2026-05-09 10:30:44
1008,15,30,152,adequate,34,2026-04-11,2027-07-17,BATCH-15-030-7074,2026-05-09 10:30:44
1009,15,28,92,adequate,36,2026-04-13,2027-08-29,BATCH-15-028-1937,2026-05-09 10:30:44
1010,15,101,434,overstock,37,2026-04-13,2026-12-27,BATCH-15-101-1420,2026-05-09 10:30:44
1011,15,46,94,adequate,29,2026-03-30,2027-12-06,BATCH-15-046-9436,2026-05-09 10:30:44
1012,15,99,194,adequate,15,2026-03-29,2027-08-10,BATCH-15-099-1749,2026-05-09 10:30:44
1013,15,23,449,overstock,27,2026-03-30,2026-10-29,BATCH-15-023-6707,2026-05-09 10:30:44
1014,15,120,129,adequate,34,2026-04-26,2026-12-31,BATCH-15-120-9520,2026-05-09 10:30:44
1015,15,52,63,adequate,40,2026-05-03,2027-06-11,BATCH-15-052-9990,2026-05-09 10:30:44
1016,15,41,260,overstock,30,2026-03-27,2028-02-11,BATCH-15-041-4946,2026-05-09 10:30:44
1017,15,83,13,low,37,2026-05-07,2027-01-18,BATCH-15-083-6349,2026-05-09 10:30:44
1018,15,50,444,overstock,36,2026-05-01,2026-12-24,BATCH-15-050-9757,2026-05-09 10:30:44
1019,15,116,116,adequate,33,2026-03-31,2026-10-12,BATCH-15-116-6623,2026-05-09 10:30:44
1020,15,59,142,adequate,22,2026-04-22,2026-12-03,BATCH-15-059-5767,2026-05-09 10:30:44
1021,15,113,2,critical,38,2026-05-01,2028-03-15,BATCH-15-113-7025,2026-05-09 10:30:44
1022,15,114,23,low,24,2026-05-05,2028-04-02,BATCH-15-114-9775,2026-05-09 10:30:44
1023,15,36,24,low,40,2026-03-26,2026-12-14,BATCH-15-036-9515,2026-05-09 10:30:44
1024,15,48,58,adequate,15,2026-04-04,2027-11-21,BATCH-15-048-6176,2026-05-09 10:30:44
1025,15,104,18,low,19,2026-03-31,2027-05-24,BATCH-15-104-3389,2026-05-09 10:30:44
1026,15,75,112,adequate,31,2026-03-25,2026-12-11,BATCH-15-075-5480,2026-05-09 10:30:44
1027,15,78,311,overstock,30,2026-04-20,2027-08-27,BATCH-15-078-1963,2026-05-09 10:30:44
1028,15,53,316,overstock,37,2026-05-05,2027-02-06,BATCH-15-053-8987,2026-05-09 10:30:44
1029,15,39,36,adequate,27,2026-04-17,2027-10-13,BATCH-15-039-8756,2026-05-09 10:30:44
1030,15,64,471,overstock,38,2026-04-20,2027-05-23,BATCH-15-064-4196,2026-05-09 10:30:44
1031,15,87,55,adequate,25,2026-04-01,2026-10-01,BATCH-15-087-5981,2026-05-09 10:30:44
1032,15,105,66,adequate,37,2026-04-08,2027-06-01,BATCH-15-105-3372,2026-05-09 10:30:44
1033,15,33,11,low,18,2026-03-26,2027-01-05,BATCH-15-033-7169,2026-05-09 10:30:44
1034,15,62,250,overstock,26,2026-04-08,2027-02-06,BATCH-15-062-1859,2026-05-09 10:30:44
1035,15,7,9,critical,19,2026-03-29,2027-09-24,BATCH-15-007-5014,2026-05-09 10:30:44
1036,15,68,0,out,37,2026-03-31,2027-01-30,BATCH-15-068-7150,2026-05-09 10:30:44
1037,16,100,29,low,17,2026-04-03,2027-04-26,BATCH-16-100-1573,2026-05-09 10:30:44
1038,16,60,2,critical,32,2026-04-28,2027-10-14,BATCH-16-060-1001,2026-05-09 10:30:44
1039,16,111,27,low,29,2026-04-30,2028-03-19,BATCH-16-111-9035,2026-05-09 10:30:44
1040,16,105,186,adequate,31,2026-04-25,2026-11-16,BATCH-16-105-1732,2026-05-09 10:30:44
1041,16,84,15,low,19,2026-03-31,2028-02-23,BATCH-16-084-4539,2026-05-09 10:30:44
1042,16,49,190,adequate,17,2026-04-03,2027-04-25,BATCH-16-049-5270,2026-05-09 10:30:44
1043,16,36,147,adequate,23,2026-03-26,2027-10-16,BATCH-16-036-3346,2026-05-09 10:30:44
1044,16,81,193,adequate,37,2026-04-15,2028-03-06,BATCH-16-081-9379,2026-05-09 10:30:44
1045,16,116,111,adequate,27,2026-05-07,2028-04-16,BATCH-16-116-5055,2026-05-09 10:30:44
1046,16,57,2,critical,28,2026-05-04,2027-07-10,BATCH-16-057-2457,2026-05-09 10:30:44
1047,16,48,68,adequate,23,2026-05-08,2026-11-15,BATCH-16-048-7179,2026-05-09 10:30:44
1048,16,2,264,overstock,20,2026-04-05,2027-06-16,BATCH-16-002-9021,2026-05-09 10:30:44
1049,16,16,6,critical,23,2026-03-31,2026-11-16,BATCH-16-016-1785,2026-05-09 10:30:44
1050,16,15,16,low,32,2026-03-31,2027-09-23,BATCH-16-015-8812,2026-05-09 10:30:44
1051,16,11,162,adequate,36,2026-04-30,2026-12-31,BATCH-16-011-7206,2026-05-09 10:30:44
1052,16,108,194,adequate,37,2026-04-23,2028-04-21,BATCH-16-108-7852,2026-05-09 10:30:44
1053,16,63,121,adequate,31,2026-04-20,2027-05-16,BATCH-16-063-8008,2026-05-09 10:30:44
1054,16,83,193,adequate,24,2026-04-12,2027-06-23,BATCH-16-083-2476,2026-05-09 10:30:44
1055,16,86,54,adequate,33,2026-05-05,2026-11-01,BATCH-16-086-5683,2026-05-09 10:30:44
1056,16,66,139,adequate,38,2026-04-30,2027-12-11,BATCH-16-066-9156,2026-05-09 10:30:44
1057,16,29,134,adequate,34,2026-04-26,2026-08-14,BATCH-16-029-7962,2026-05-09 10:30:44
1058,16,3,200,adequate,36,2026-03-31,2026-09-19,BATCH-16-003-8350,2026-05-09 10:30:44
1059,16,76,239,overstock,26,2026-04-30,2028-01-15,BATCH-16-076-6788,2026-05-09 10:30:44
1060,16,74,288,overstock,26,2026-05-01,2027-07-19,BATCH-16-074-5092,2026-05-09 10:30:44
1061,16,97,107,adequate,24,2026-04-22,2027-03-13,BATCH-16-097-1036,2026-05-09 10:30:44
1062,16,62,86,adequate,35,2026-04-06,2026-09-12,BATCH-16-062-8586,2026-05-09 10:30:44
1063,16,114,122,adequate,34,2026-04-09,2027-07-09,BATCH-16-114-5888,2026-05-09 10:30:44
1064,16,89,78,adequate,26,2026-05-08,2026-11-18,BATCH-16-089-8058,2026-05-09 10:30:44
1065,16,13,162,adequate,28,2026-05-01,2027-12-19,BATCH-16-013-1113,2026-05-09 10:30:44
1066,16,98,18,low,26,2026-04-19,2027-08-15,BATCH-16-098-8017,2026-05-09 10:30:44
1067,16,24,58,adequate,36,2026-04-10,2027-01-19,BATCH-16-024-3291,2026-05-09 10:30:44
1068,16,50,122,adequate,18,2026-04-26,2027-05-25,BATCH-16-050-1659,2026-05-09 10:30:44
1069,16,95,21,low,36,2026-04-26,2027-12-10,BATCH-16-095-5354,2026-05-09 10:30:44
1070,16,103,8,critical,25,2026-04-13,2028-01-02,BATCH-16-103-7370,2026-05-09 10:30:44
1071,16,56,11,low,26,2026-04-06,2026-08-20,BATCH-16-056-4874,2026-05-09 10:30:44
1072,16,39,6,critical,28,2026-04-08,2027-05-30,BATCH-16-039-5623,2026-05-09 10:30:44
1073,16,96,189,adequate,38,2026-04-06,2027-02-14,BATCH-16-096-5087,2026-05-09 10:30:44
1074,16,17,19,low,21,2026-04-08,2026-11-20,BATCH-16-017-9230,2026-05-09 10:30:44
1075,16,92,192,adequate,22,2026-05-01,2026-12-20,BATCH-16-092-7574,2026-05-09 10:30:44
1076,16,42,0,out,34,2026-04-26,2026-11-08,BATCH-16-042-1834,2026-05-09 10:30:44
1077,16,9,193,adequate,22,2026-04-17,2027-10-17,BATCH-16-009-8851,2026-05-09 10:30:44
1078,16,69,7,critical,23,2026-04-15,2027-05-21,BATCH-16-069-6751,2026-05-09 10:30:44
1079,16,90,43,adequate,16,2026-05-08,2026-09-29,BATCH-16-090-6269,2026-05-09 10:30:44
1080,16,52,19,low,28,2026-04-27,2027-04-22,BATCH-16-052-9049,2026-05-09 10:30:44
1081,16,99,55,adequate,36,2026-04-03,2026-12-18,BATCH-16-099-6426,2026-05-09 10:30:44
1082,16,51,166,adequate,22,2026-03-28,2027-05-16,BATCH-16-051-4441,2026-05-09 10:30:44
1083,16,72,64,adequate,16,2026-04-01,2027-02-18,BATCH-16-072-4160,2026-05-09 10:30:44
1084,16,79,170,adequate,24,2026-04-08,2027-03-01,BATCH-16-079-9741,2026-05-09 10:30:44
1085,16,68,80,adequate,32,2026-04-22,2028-03-02,BATCH-16-068-6690,2026-05-09 10:30:44
1086,16,104,142,adequate,30,2026-04-12,2028-01-25,BATCH-16-104-9255,2026-05-09 10:30:44
1087,16,80,101,adequate,24,2026-05-06,2028-03-08,BATCH-16-080-1996,2026-05-09 10:30:44
1088,16,67,157,adequate,31,2026-05-04,2027-01-23,BATCH-16-067-8172,2026-05-09 10:30:44
1089,16,117,130,adequate,34,2026-04-21,2027-03-06,BATCH-16-117-4015,2026-05-09 10:30:44
1090,16,27,0,out,40,2026-04-06,2027-11-16,BATCH-16-027-9254,2026-05-09 10:30:44
1091,16,112,108,adequate,24,2026-04-21,2028-02-23,BATCH-16-112-2951,2026-05-09 10:30:44
1092,16,78,28,low,16,2026-03-29,2027-01-05,BATCH-16-078-5550,2026-05-09 10:30:44
1093,16,65,328,overstock,21,2026-04-04,2026-12-03,BATCH-16-065-1022,2026-05-09 10:30:44
1094,16,1,114,adequate,37,2026-04-03,2027-05-04,BATCH-16-001-3189,2026-05-09 10:30:44
1095,16,94,114,adequate,35,2026-05-08,2027-08-06,BATCH-16-094-4592,2026-05-09 10:30:44
1096,16,120,96,adequate,32,2026-03-27,2028-03-26,BATCH-16-120-2743,2026-05-09 10:30:44
1097,16,77,191,adequate,21,2026-04-10,2027-03-20,BATCH-16-077-6312,2026-05-09 10:30:44
1098,16,21,23,low,22,2026-04-11,2027-08-19,BATCH-16-021-3430,2026-05-09 10:30:44
1099,17,12,24,low,22,2026-05-07,2027-03-27,BATCH-17-012-7998,2026-05-09 10:30:44
1100,17,64,88,adequate,36,2026-05-01,2027-12-23,BATCH-17-064-3778,2026-05-09 10:30:44
1101,17,24,383,overstock,17,2026-03-30,2027-07-14,BATCH-17-024-2939,2026-05-09 10:30:44
1102,17,59,185,adequate,20,2026-04-11,2028-02-01,BATCH-17-059-6486,2026-05-09 10:30:44
1103,17,118,108,adequate,26,2026-05-02,2027-05-11,BATCH-17-118-9179,2026-05-09 10:30:44
1104,17,105,31,adequate,39,2026-03-28,2027-01-04,BATCH-17-105-6247,2026-05-09 10:30:44
1105,17,111,26,low,33,2026-04-11,2027-05-19,BATCH-17-111-3370,2026-05-09 10:30:44
1106,17,23,3,critical,25,2026-04-07,2027-10-15,BATCH-17-023-8885,2026-05-09 10:30:44
1107,17,25,193,adequate,19,2026-03-28,2027-04-15,BATCH-17-025-7278,2026-05-09 10:30:44
1108,17,73,167,adequate,32,2026-04-04,2027-03-30,BATCH-17-073-7301,2026-05-09 10:30:44
1109,17,63,7,critical,37,2026-05-03,2027-04-04,BATCH-17-063-6926,2026-05-09 10:30:44
1110,17,94,0,out,19,2026-05-01,2026-10-07,BATCH-17-094-6723,2026-05-09 10:30:44
1111,17,116,148,adequate,32,2026-04-12,2027-04-12,BATCH-17-116-4452,2026-05-09 10:30:44
1112,17,83,61,adequate,27,2026-05-07,2027-10-15,BATCH-17-083-7089,2026-05-09 10:30:44
1113,17,37,2,critical,34,2026-04-28,2026-09-06,BATCH-17-037-3406,2026-05-09 10:30:44
1114,17,3,50,adequate,33,2026-04-12,2027-01-07,BATCH-17-003-3988,2026-05-09 10:30:44
1115,17,40,107,adequate,28,2026-04-17,2027-11-04,BATCH-17-040-1216,2026-05-09 10:30:44
1116,17,21,12,low,34,2026-04-27,2028-01-04,BATCH-17-021-3627,2026-05-09 10:30:44
1117,17,113,0,out,33,2026-04-06,2027-06-16,BATCH-17-113-4724,2026-05-09 10:30:44
1118,17,51,54,adequate,27,2026-04-30,2027-03-11,BATCH-17-051-7560,2026-05-09 10:30:44
1119,17,88,78,adequate,34,2026-05-04,2027-11-29,BATCH-17-088-8821,2026-05-09 10:30:44
1120,17,78,73,adequate,40,2026-04-15,2027-10-15,BATCH-17-078-4190,2026-05-09 10:30:44
1121,17,112,13,low,15,2026-04-23,2027-05-22,BATCH-17-112-3666,2026-05-09 10:30:44
1122,17,9,183,adequate,39,2026-04-19,2027-02-15,BATCH-17-009-4305,2026-05-09 10:30:44
1123,17,19,99,adequate,33,2026-04-02,2026-09-21,BATCH-17-019-8926,2026-05-09 10:30:44
1124,17,10,6,critical,26,2026-04-20,2027-09-18,BATCH-17-010-9195,2026-05-09 10:30:44
1125,17,55,22,low,25,2026-04-12,2028-01-04,BATCH-17-055-2654,2026-05-09 10:30:44
1126,17,32,181,adequate,30,2026-04-01,2026-09-14,BATCH-17-032-5753,2026-05-09 10:30:44
1127,17,117,13,low,37,2026-04-24,2027-03-15,BATCH-17-117-3307,2026-05-09 10:30:44
1128,17,107,163,adequate,39,2026-04-17,2027-11-08,BATCH-17-107-3149,2026-05-09 10:30:44
1129,17,52,141,adequate,37,2026-03-26,2027-09-07,BATCH-17-052-4917,2026-05-09 10:30:44
1130,17,13,30,low,33,2026-03-29,2027-12-29,BATCH-17-013-2595,2026-05-09 10:30:44
1131,17,68,171,adequate,30,2026-05-02,2027-11-15,BATCH-17-068-6139,2026-05-09 10:30:44
1132,17,18,16,low,33,2026-04-15,2027-08-03,BATCH-17-018-2461,2026-05-09 10:30:44
1133,17,2,8,critical,39,2026-04-10,2026-12-28,BATCH-17-002-3031,2026-05-09 10:30:44
1134,17,99,347,overstock,27,2026-04-12,2028-05-02,BATCH-17-099-3113,2026-05-09 10:30:44
1135,17,89,111,adequate,17,2026-03-26,2027-10-04,BATCH-17-089-9289,2026-05-09 10:30:44
1136,17,49,195,adequate,38,2026-04-23,2028-03-03,BATCH-17-049-1130,2026-05-09 10:30:44
1137,17,50,20,low,33,2026-04-13,2026-10-20,BATCH-17-050-4654,2026-05-09 10:30:44
1138,17,115,120,adequate,29,2026-03-28,2028-02-05,BATCH-17-115-8616,2026-05-09 10:30:44
1139,17,15,3,critical,21,2026-04-13,2027-07-09,BATCH-17-015-2056,2026-05-09 10:30:44
1140,17,86,85,adequate,18,2026-04-21,2027-11-15,BATCH-17-086-1627,2026-05-09 10:30:44
1141,17,6,194,adequate,25,2026-04-02,2026-09-08,BATCH-17-006-7230,2026-05-09 10:30:44
1142,17,17,6,critical,16,2026-04-25,2026-08-30,BATCH-17-017-7929,2026-05-09 10:30:44
1143,17,93,13,low,23,2026-04-13,2026-10-29,BATCH-17-093-5887,2026-05-09 10:30:44
1144,17,11,165,adequate,36,2026-04-22,2027-02-11,BATCH-17-011-1880,2026-05-09 10:30:44
1145,17,35,7,critical,21,2026-04-16,2027-10-10,BATCH-17-035-8890,2026-05-09 10:30:44
1146,17,96,121,adequate,27,2026-05-08,2028-03-03,BATCH-17-096-4253,2026-05-09 10:30:44
1147,17,79,10,critical,36,2026-04-18,2026-08-21,BATCH-17-079-3465,2026-05-09 10:30:44
1148,17,72,112,adequate,40,2026-03-26,2027-09-27,BATCH-17-072-5305,2026-05-09 10:30:44
1149,17,14,63,adequate,35,2026-04-01,2026-11-14,BATCH-17-014-1597,2026-05-09 10:30:44
1150,17,44,24,low,34,2026-04-14,2027-03-16,BATCH-17-044-6703,2026-05-09 10:30:44
1151,17,75,29,low,26,2026-05-07,2027-06-12,BATCH-17-075-6029,2026-05-09 10:30:44
1152,17,26,197,adequate,28,2026-04-12,2027-08-02,BATCH-17-026-6770,2026-05-09 10:30:44
1153,17,87,116,adequate,20,2026-04-09,2027-10-19,BATCH-17-087-7113,2026-05-09 10:30:44
1154,17,62,16,low,27,2026-04-20,2027-10-28,BATCH-17-062-5640,2026-05-09 10:30:44
1155,17,57,57,adequate,35,2026-05-07,2028-04-29,BATCH-17-057-7738,2026-05-09 10:30:44
1156,17,53,10,critical,31,2026-04-01,2026-09-09,BATCH-17-053-5749,2026-05-09 10:30:44
1157,17,100,147,adequate,27,2026-05-01,2027-02-23,BATCH-17-100-8693,2026-05-09 10:30:44
1158,17,20,403,overstock,15,2026-04-15,2027-03-24,BATCH-17-020-9315,2026-05-09 10:30:44
1159,17,22,20,low,15,2026-04-12,2026-09-09,BATCH-17-022-1254,2026-05-09 10:30:44
1160,17,31,0,out,25,2026-04-28,2028-03-14,BATCH-17-031-8045,2026-05-09 10:30:44
1161,17,95,17,low,16,2026-04-02,2027-10-20,BATCH-17-095-3111,2026-05-09 10:30:44
1162,17,16,363,overstock,31,2026-04-28,2027-10-28,BATCH-17-016-4784,2026-05-09 10:30:44
1163,17,4,3,critical,40,2026-04-13,2027-04-30,BATCH-17-004-3605,2026-05-09 10:30:44
1164,17,74,214,overstock,28,2026-05-08,2028-04-05,BATCH-17-074-3507,2026-05-09 10:30:44
1165,17,45,0,out,15,2026-04-30,2027-11-14,BATCH-17-045-6867,2026-05-09 10:30:44
1166,17,66,20,low,22,2026-04-14,2027-04-30,BATCH-17-066-1847,2026-05-09 10:30:44
1167,17,41,11,low,18,2026-05-01,2027-11-20,BATCH-17-041-3010,2026-05-09 10:30:44
1168,17,109,5,critical,17,2026-04-07,2027-08-12,BATCH-17-109-4407,2026-05-09 10:30:44
1169,17,8,136,adequate,30,2026-03-29,2026-10-24,BATCH-17-008-4445,2026-05-09 10:30:44
1170,17,71,193,adequate,40,2026-04-28,2027-02-07,BATCH-17-071-5894,2026-05-09 10:30:44
1171,17,81,0,out,18,2026-04-17,2027-07-28,BATCH-17-081-8928,2026-05-09 10:30:44
1172,17,7,282,overstock,31,2026-04-22,2026-12-09,BATCH-17-007-4159,2026-05-09 10:30:44
1173,17,101,163,adequate,39,2026-04-29,2027-03-16,BATCH-17-101-6978,2026-05-09 10:30:44
1174,18,116,132,adequate,18,2026-04-27,2027-07-03,BATCH-18-116-8035,2026-05-09 10:30:44
1175,18,28,49,adequate,36,2026-04-15,2027-08-22,BATCH-18-028-3376,2026-05-09 10:30:44
1176,18,4,112,adequate,37,2026-04-17,2027-03-13,BATCH-18-004-8624,2026-05-09 10:30:44
1177,18,42,174,adequate,27,2026-04-20,2028-04-14,BATCH-18-042-4476,2026-05-09 10:30:44
1178,18,18,102,adequate,33,2026-03-28,2027-10-12,BATCH-18-018-8130,2026-05-09 10:30:44
1179,18,29,81,adequate,40,2026-04-07,2027-12-30,BATCH-18-029-1766,2026-05-09 10:30:44
1180,18,11,432,overstock,20,2026-03-31,2027-07-07,BATCH-18-011-7272,2026-05-09 10:30:44
1181,18,94,20,low,15,2026-04-09,2027-05-25,BATCH-18-094-3147,2026-05-09 10:30:44
1182,18,89,167,adequate,16,2026-04-17,2026-08-23,BATCH-18-089-2137,2026-05-09 10:30:44
1183,18,17,101,adequate,39,2026-04-16,2027-09-20,BATCH-18-017-2306,2026-05-09 10:30:44
1184,18,35,187,adequate,27,2026-04-19,2027-11-15,BATCH-18-035-9082,2026-05-09 10:30:44
1185,18,36,189,adequate,15,2026-04-24,2026-09-24,BATCH-18-036-1170,2026-05-09 10:30:44
1186,18,62,24,low,17,2026-04-26,2027-08-19,BATCH-18-062-9807,2026-05-09 10:30:44
1187,18,26,257,overstock,16,2026-04-19,2026-10-22,BATCH-18-026-5320,2026-05-09 10:30:44
1188,18,12,100,adequate,19,2026-04-01,2027-11-21,BATCH-18-012-2964,2026-05-09 10:30:44
1189,18,45,29,low,36,2026-05-01,2028-01-23,BATCH-18-045-9644,2026-05-09 10:30:44
1190,18,91,26,low,39,2026-04-08,2027-03-26,BATCH-18-091-2504,2026-05-09 10:30:44
1191,18,71,13,low,22,2026-03-27,2027-03-05,BATCH-18-071-2278,2026-05-09 10:30:44
1192,18,84,8,critical,36,2026-04-25,2027-11-29,BATCH-18-084-7308,2026-05-09 10:30:44
1193,18,38,21,low,31,2026-04-18,2027-06-22,BATCH-18-038-8438,2026-05-09 10:30:44
1194,18,60,64,adequate,26,2026-04-14,2027-11-13,BATCH-18-060-9412,2026-05-09 10:30:44
1195,18,96,17,low,28,2026-04-28,2027-06-17,BATCH-18-096-2672,2026-05-09 10:30:44
1196,18,64,14,low,29,2026-04-27,2027-05-07,BATCH-18-064-1468,2026-05-09 10:30:44
1197,18,56,121,adequate,18,2026-04-03,2026-11-01,BATCH-18-056-6806,2026-05-09 10:30:44
1198,18,66,159,adequate,31,2026-04-17,2026-09-30,BATCH-18-066-8230,2026-05-09 10:30:44
1199,18,52,12,low,38,2026-04-11,2027-02-21,BATCH-18-052-5816,2026-05-09 10:30:44
1200,18,25,30,low,34,2026-04-07,2028-01-20,BATCH-18-025-8103,2026-05-09 10:30:44
1201,18,33,1,critical,18,2026-05-05,2026-09-12,BATCH-18-033-5361,2026-05-09 10:30:44
1202,18,23,14,low,34,2026-03-25,2027-09-25,BATCH-18-023-7421,2026-05-09 10:30:44
1203,18,107,157,adequate,20,2026-04-25,2027-07-28,BATCH-18-107-5718,2026-05-09 10:30:44
1204,18,88,55,adequate,31,2026-03-25,2028-05-05,BATCH-18-088-8811,2026-05-09 10:30:44
1205,18,109,111,adequate,20,2026-04-27,2027-07-13,BATCH-18-109-8458,2026-05-09 10:30:44
1206,18,51,26,low,15,2026-04-27,2027-05-04,BATCH-18-051-2261,2026-05-09 10:30:44
1207,18,14,30,low,33,2026-05-08,2027-12-20,BATCH-18-014-5055,2026-05-09 10:30:44
1208,18,75,176,adequate,22,2026-04-05,2028-01-04,BATCH-18-075-3741,2026-05-09 10:30:44
1209,18,76,108,adequate,29,2026-04-07,2027-08-01,BATCH-18-076-9940,2026-05-09 10:30:44
1210,18,40,19,low,15,2026-04-16,2027-06-11,BATCH-18-040-6467,2026-05-09 10:30:44
1211,18,22,59,adequate,36,2026-04-05,2026-08-28,BATCH-18-022-3423,2026-05-09 10:30:44
1212,18,27,455,overstock,15,2026-04-23,2028-03-20,BATCH-18-027-8056,2026-05-09 10:30:44
1213,18,63,127,adequate,23,2026-03-29,2028-02-15,BATCH-18-063-8360,2026-05-09 10:30:44
1214,18,97,379,overstock,25,2026-04-13,2028-04-01,BATCH-18-097-7836,2026-05-09 10:30:44
1215,18,58,222,overstock,33,2026-04-05,2027-07-24,BATCH-18-058-3014,2026-05-09 10:30:44
1216,18,55,119,adequate,18,2026-05-08,2027-12-30,BATCH-18-055-3410,2026-05-09 10:30:44
1217,18,77,105,adequate,36,2026-04-28,2027-06-13,BATCH-18-077-8976,2026-05-09 10:30:44
1218,18,110,11,low,21,2026-04-20,2028-04-05,BATCH-18-110-3022,2026-05-09 10:30:44
1219,18,41,5,critical,36,2026-05-08,2026-09-27,BATCH-18-041-5119,2026-05-09 10:30:44
1220,18,87,27,low,17,2026-04-21,2026-12-31,BATCH-18-087-4223,2026-05-09 10:30:44
1221,18,50,87,adequate,30,2026-04-16,2027-04-18,BATCH-18-050-7328,2026-05-09 10:30:44
1222,18,78,108,adequate,20,2026-04-02,2027-10-27,BATCH-18-078-6283,2026-05-09 10:30:44
1223,18,104,95,adequate,28,2026-04-03,2027-02-27,BATCH-18-104-5932,2026-05-09 10:30:44
1224,18,46,191,adequate,32,2026-04-27,2027-08-26,BATCH-18-046-8158,2026-05-09 10:30:44
1225,18,48,9,critical,36,2026-04-16,2027-11-29,BATCH-18-048-6803,2026-05-09 10:30:44
1226,18,9,149,adequate,32,2026-05-07,2027-10-12,BATCH-18-009-2448,2026-05-09 10:30:44
1227,18,79,93,adequate,31,2026-04-15,2026-12-15,BATCH-18-079-9900,2026-05-09 10:30:44
1228,18,83,131,adequate,27,2026-03-27,2026-08-13,BATCH-18-083-8582,2026-05-09 10:30:44
1229,18,5,44,adequate,16,2026-04-21,2026-11-24,BATCH-18-005-6463,2026-05-09 10:30:44
1230,18,93,154,adequate,16,2026-05-01,2028-03-27,BATCH-18-093-9369,2026-05-09 10:30:44
1231,18,101,163,adequate,32,2026-04-07,2026-12-24,BATCH-18-101-4662,2026-05-09 10:30:44
1232,18,82,191,adequate,38,2026-05-08,2027-12-16,BATCH-18-082-4288,2026-05-09 10:30:44
1233,18,19,1,critical,31,2026-05-02,2027-04-17,BATCH-18-019-4347,2026-05-09 10:30:44
1234,18,39,1,critical,16,2026-05-01,2027-06-10,BATCH-18-039-7628,2026-05-09 10:30:44
1235,18,53,170,adequate,34,2026-03-26,2027-10-30,BATCH-18-053-3018,2026-05-09 10:30:44
1236,18,57,67,adequate,20,2026-04-06,2028-02-17,BATCH-18-057-4282,2026-05-09 10:30:44
1237,19,62,64,adequate,33,2026-04-01,2027-07-29,BATCH-19-062-7615,2026-05-09 10:30:44
1238,19,38,1,critical,36,2026-05-02,2027-12-31,BATCH-19-038-8805,2026-05-09 10:30:44
1239,19,119,57,adequate,38,2026-04-14,2027-10-11,BATCH-19-119-2054,2026-05-09 10:30:44
1240,19,86,5,critical,29,2026-04-15,2028-04-19,BATCH-19-086-1482,2026-05-09 10:30:44
1241,19,13,394,overstock,19,2026-03-29,2028-03-16,BATCH-19-013-4272,2026-05-09 10:30:44
1242,19,76,25,low,21,2026-04-28,2027-10-25,BATCH-19-076-9659,2026-05-09 10:30:44
1243,19,64,180,adequate,35,2026-03-27,2026-11-13,BATCH-19-064-4334,2026-05-09 10:30:44
1244,19,48,0,out,33,2026-04-04,2026-10-19,BATCH-19-048-6582,2026-05-09 10:30:44
1245,19,117,26,low,33,2026-04-08,2028-01-01,BATCH-19-117-6768,2026-05-09 10:30:44
1246,19,36,48,adequate,28,2026-03-29,2027-08-27,BATCH-19-036-2161,2026-05-09 10:30:44
1247,19,51,107,adequate,18,2026-04-07,2027-03-31,BATCH-19-051-1843,2026-05-09 10:30:44
1248,19,50,88,adequate,23,2026-04-14,2027-08-08,BATCH-19-050-2113,2026-05-09 10:30:44
1249,19,90,50,adequate,33,2026-04-23,2028-01-19,BATCH-19-090-9192,2026-05-09 10:30:44
1250,19,103,170,adequate,33,2026-04-08,2027-05-03,BATCH-19-103-1491,2026-05-09 10:30:44
1251,19,14,0,out,39,2026-05-05,2026-12-27,BATCH-19-014-4346,2026-05-09 10:30:44
1252,19,60,91,adequate,17,2026-04-02,2028-04-22,BATCH-19-060-1579,2026-05-09 10:30:44
1253,19,54,184,adequate,32,2026-04-08,2026-12-17,BATCH-19-054-5432,2026-05-09 10:30:44
1254,19,55,158,adequate,22,2026-03-28,2027-07-31,BATCH-19-055-8069,2026-05-09 10:30:44
1255,19,19,45,adequate,39,2026-04-26,2028-02-05,BATCH-19-019-7215,2026-05-09 10:30:44
1256,19,4,154,adequate,27,2026-04-14,2026-12-13,BATCH-19-004-8040,2026-05-09 10:30:44
1257,19,37,60,adequate,18,2026-03-30,2027-08-18,BATCH-19-037-6763,2026-05-09 10:30:44
1258,19,59,12,low,17,2026-04-01,2026-08-17,BATCH-19-059-4721,2026-05-09 10:30:44
1259,19,16,42,adequate,38,2026-04-23,2026-10-04,BATCH-19-016-2255,2026-05-09 10:30:44
1260,19,73,8,critical,25,2026-04-16,2028-04-14,BATCH-19-073-5001,2026-05-09 10:30:44
1261,19,109,446,overstock,36,2026-05-01,2026-10-24,BATCH-19-109-2251,2026-05-09 10:30:44
1262,19,2,17,low,22,2026-04-10,2027-06-12,BATCH-19-002-7011,2026-05-09 10:30:44
1263,19,75,165,adequate,25,2026-03-25,2028-02-12,BATCH-19-075-9248,2026-05-09 10:30:44
1264,19,39,6,critical,23,2026-05-03,2027-03-03,BATCH-19-039-3246,2026-05-09 10:30:44
1265,19,5,109,adequate,21,2026-05-01,2027-08-23,BATCH-19-005-3325,2026-05-09 10:30:44
1266,19,83,0,out,18,2026-05-07,2027-12-30,BATCH-19-083-1553,2026-05-09 10:30:44
1267,19,84,23,low,16,2026-04-21,2028-04-22,BATCH-19-084-7290,2026-05-09 10:30:44
1268,19,85,144,adequate,22,2026-04-25,2027-08-30,BATCH-19-085-4021,2026-05-09 10:30:44
1269,19,80,200,adequate,16,2026-04-04,2027-07-29,BATCH-19-080-1425,2026-05-09 10:30:44
1270,19,57,311,overstock,39,2026-05-07,2027-07-22,BATCH-19-057-8111,2026-05-09 10:30:44
1271,19,6,172,adequate,38,2026-03-26,2027-05-28,BATCH-19-006-9761,2026-05-09 10:30:44
1272,19,46,163,adequate,20,2026-04-14,2027-11-28,BATCH-19-046-4903,2026-05-09 10:30:44
1273,19,18,19,low,22,2026-04-04,2027-06-05,BATCH-19-018-6530,2026-05-09 10:30:44
1274,19,105,101,adequate,23,2026-03-27,2027-04-20,BATCH-19-105-1202,2026-05-09 10:30:44
1275,19,99,21,low,29,2026-04-09,2026-08-24,BATCH-19-099-8207,2026-05-09 10:30:44
1276,19,111,0,out,21,2026-04-12,2026-10-05,BATCH-19-111-2303,2026-05-09 10:30:44
1277,19,95,28,low,29,2026-04-27,2027-04-28,BATCH-19-095-5524,2026-05-09 10:30:44
1278,19,21,15,low,19,2026-03-30,2026-09-26,BATCH-19-021-4812,2026-05-09 10:30:44
1279,19,89,1,critical,33,2026-04-18,2026-09-18,BATCH-19-089-4734,2026-05-09 10:30:44
1280,19,65,5,critical,32,2026-05-06,2028-04-12,BATCH-19-065-4845,2026-05-09 10:30:44
1281,19,77,144,adequate,31,2026-05-04,2027-04-06,BATCH-19-077-4343,2026-05-09 10:30:44
1282,19,27,49,adequate,24,2026-04-29,2026-09-01,BATCH-19-027-6350,2026-05-09 10:30:44
1283,19,45,135,adequate,30,2026-04-20,2028-05-04,BATCH-19-045-1510,2026-05-09 10:30:44
1284,19,68,20,low,18,2026-03-31,2027-03-11,BATCH-19-068-6129,2026-05-09 10:30:44
1285,19,96,119,adequate,27,2026-04-01,2026-09-09,BATCH-19-096-3458,2026-05-09 10:30:44
1286,19,66,88,adequate,31,2026-04-02,2028-02-19,BATCH-19-066-7849,2026-05-09 10:30:44
1287,19,9,44,adequate,36,2026-04-05,2028-01-21,BATCH-19-009-8225,2026-05-09 10:30:44
1288,19,23,106,adequate,25,2026-04-23,2027-08-12,BATCH-19-023-4782,2026-05-09 10:30:44
1289,19,20,144,adequate,26,2026-05-03,2027-08-02,BATCH-19-020-9284,2026-05-09 10:30:44
1290,19,78,6,critical,29,2026-04-12,2027-03-30,BATCH-19-078-3052,2026-05-09 10:30:44
1291,19,44,271,overstock,34,2026-04-22,2027-05-27,BATCH-19-044-6596,2026-05-09 10:30:44
1292,19,82,138,adequate,19,2026-04-02,2027-12-26,BATCH-19-082-4245,2026-05-09 10:30:44
1293,19,108,73,adequate,28,2026-04-22,2028-02-25,BATCH-19-108-8698,2026-05-09 10:30:44
1294,19,114,141,adequate,37,2026-04-28,2026-10-20,BATCH-19-114-3168,2026-05-09 10:30:44
1295,19,110,139,adequate,19,2026-04-13,2028-02-28,BATCH-19-110-4955,2026-05-09 10:30:44
1296,19,49,117,adequate,38,2026-05-06,2026-10-21,BATCH-19-049-6815,2026-05-09 10:30:44
1297,19,43,349,overstock,39,2026-04-08,2026-12-22,BATCH-19-043-4005,2026-05-09 10:30:44
1298,19,97,52,adequate,15,2026-04-01,2028-04-05,BATCH-19-097-7060,2026-05-09 10:30:44
1299,19,26,113,adequate,20,2026-04-06,2028-03-31,BATCH-19-026-5576,2026-05-09 10:30:44
1300,19,92,453,overstock,25,2026-05-05,2028-03-06,BATCH-19-092-9481,2026-05-09 10:30:44
1301,19,104,140,adequate,25,2026-04-14,2027-06-29,BATCH-19-104-3923,2026-05-09 10:30:44
1302,19,42,466,overstock,23,2026-04-02,2028-04-28,BATCH-19-042-6150,2026-05-09 10:30:44
1303,19,31,5,critical,23,2026-04-07,2027-10-30,BATCH-19-031-4664,2026-05-09 10:30:44
1304,19,25,186,adequate,22,2026-03-27,2027-05-19,BATCH-19-025-3310,2026-05-09 10:30:44
1305,19,56,9,critical,34,2026-05-06,2028-02-10,BATCH-19-056-9813,2026-05-09 10:30:44
1306,19,93,37,adequate,21,2026-04-20,2028-03-13,BATCH-19-093-7987,2026-05-09 10:30:44
1307,19,91,147,adequate,18,2026-05-01,2027-11-05,BATCH-19-091-8082,2026-05-09 10:30:44
1308,19,12,102,adequate,26,2026-05-03,2027-03-22,BATCH-19-012-2218,2026-05-09 10:30:44
1309,19,100,101,adequate,35,2026-04-06,2026-10-21,BATCH-19-100-6157,2026-05-09 10:30:44
1310,19,67,56,adequate,25,2026-04-26,2028-02-29,BATCH-19-067-1583,2026-05-09 10:30:44
1311,19,33,393,overstock,22,2026-03-26,2027-02-23,BATCH-19-033-5346,2026-05-09 10:30:44
1312,20,20,0,out,16,2026-04-03,2027-07-03,BATCH-20-020-5286,2026-05-09 10:30:44
1313,20,63,144,adequate,27,2026-04-22,2026-10-01,BATCH-20-063-5396,2026-05-09 10:30:44
1314,20,105,193,adequate,24,2026-04-10,2027-09-30,BATCH-20-105-4625,2026-05-09 10:30:44
1315,20,24,83,adequate,34,2026-03-30,2027-07-10,BATCH-20-024-3117,2026-05-09 10:30:44
1316,20,94,128,adequate,39,2026-04-17,2027-08-03,BATCH-20-094-2039,2026-05-09 10:30:44
1317,20,64,123,adequate,21,2026-04-28,2028-02-06,BATCH-20-064-7480,2026-05-09 10:30:44
1318,20,37,72,adequate,25,2026-04-12,2027-03-15,BATCH-20-037-5074,2026-05-09 10:30:44
1319,20,17,253,overstock,31,2026-04-13,2027-12-16,BATCH-20-017-1692,2026-05-09 10:30:44
1320,20,26,11,low,16,2026-04-21,2026-12-11,BATCH-20-026-7190,2026-05-09 10:30:44
1321,20,82,52,adequate,17,2026-04-06,2027-10-06,BATCH-20-082-1330,2026-05-09 10:30:44
1322,20,12,0,out,38,2026-04-01,2027-09-11,BATCH-20-012-4183,2026-05-09 10:30:44
1323,20,67,139,adequate,38,2026-05-07,2027-06-12,BATCH-20-067-5490,2026-05-09 10:30:44
1324,20,93,198,adequate,30,2026-04-14,2027-06-01,BATCH-20-093-8037,2026-05-09 10:30:44
1325,20,96,7,critical,24,2026-03-25,2028-02-04,BATCH-20-096-9300,2026-05-09 10:30:44
1326,20,28,26,low,39,2026-04-04,2026-11-25,BATCH-20-028-8409,2026-05-09 10:30:44
1327,20,1,23,low,26,2026-04-08,2028-03-05,BATCH-20-001-2785,2026-05-09 10:30:44
1328,20,56,192,adequate,18,2026-04-03,2027-01-27,BATCH-20-056-4402,2026-05-09 10:30:44
1329,20,9,94,adequate,19,2026-04-13,2028-04-29,BATCH-20-009-8758,2026-05-09 10:30:44
1330,20,119,46,adequate,23,2026-04-12,2027-06-21,BATCH-20-119-6535,2026-05-09 10:30:44
1331,20,72,175,adequate,15,2026-04-21,2027-03-09,BATCH-20-072-9007,2026-05-09 10:30:44
1332,20,79,113,adequate,37,2026-04-08,2028-01-15,BATCH-20-079-2334,2026-05-09 10:30:44
1333,20,27,266,overstock,39,2026-05-08,2027-01-19,BATCH-20-027-9518,2026-05-09 10:30:44
1334,20,91,143,adequate,16,2026-04-11,2027-12-27,BATCH-20-091-3797,2026-05-09 10:30:44
1335,20,23,66,adequate,28,2026-04-13,2026-08-16,BATCH-20-023-5861,2026-05-09 10:30:44
1336,20,5,5,critical,34,2026-04-15,2028-03-06,BATCH-20-005-3718,2026-05-09 10:30:44
1337,20,54,17,low,31,2026-03-31,2027-04-21,BATCH-20-054-8735,2026-05-09 10:30:44
1338,20,89,73,adequate,37,2026-04-08,2026-08-17,BATCH-20-089-6205,2026-05-09 10:30:44
1339,20,34,48,adequate,24,2026-03-25,2027-02-15,BATCH-20-034-4264,2026-05-09 10:30:44
1340,20,100,115,adequate,16,2026-03-30,2027-11-29,BATCH-20-100-3563,2026-05-09 10:30:44
1341,20,49,9,critical,21,2026-04-21,2027-05-25,BATCH-20-049-7982,2026-05-09 10:30:44
1342,20,81,190,adequate,23,2026-04-03,2028-02-12,BATCH-20-081-4319,2026-05-09 10:30:44
1343,20,75,3,critical,20,2026-04-22,2028-03-06,BATCH-20-075-2676,2026-05-09 10:30:44
1344,20,31,29,low,25,2026-04-02,2028-04-04,BATCH-20-031-5542,2026-05-09 10:30:44
1345,20,111,287,overstock,15,2026-04-24,2027-03-16,BATCH-20-111-2496,2026-05-09 10:30:44
1346,20,45,285,overstock,30,2026-05-08,2027-07-04,BATCH-20-045-2274,2026-05-09 10:30:44
1347,20,62,161,adequate,28,2026-03-27,2027-12-03,BATCH-20-062-6359,2026-05-09 10:30:44
1348,20,68,174,adequate,27,2026-04-14,2027-12-05,BATCH-20-068-6816,2026-05-09 10:30:44
1349,20,117,166,adequate,34,2026-04-25,2027-01-24,BATCH-20-117-5550,2026-05-09 10:30:44
1350,20,39,144,adequate,37,2026-04-22,2026-12-08,BATCH-20-039-8133,2026-05-09 10:30:44
1351,20,30,124,adequate,39,2026-03-27,2027-07-27,BATCH-20-030-7948,2026-05-09 10:30:44
1352,20,38,17,low,20,2026-05-08,2027-02-23,BATCH-20-038-8243,2026-05-09 10:30:44
1353,20,102,181,adequate,25,2026-05-02,2027-08-19,BATCH-20-102-5157,2026-05-09 10:30:44
1354,20,92,100,adequate,35,2026-04-21,2027-12-10,BATCH-20-092-7525,2026-05-09 10:30:44
1355,20,51,5,critical,33,2026-05-07,2027-12-02,BATCH-20-051-8446,2026-05-09 10:30:44
1356,20,46,57,adequate,26,2026-05-07,2028-04-25,BATCH-20-046-3509,2026-05-09 10:30:44
1357,20,70,52,adequate,18,2026-05-05,2027-11-04,BATCH-20-070-2021,2026-05-09 10:30:44
1358,20,85,80,adequate,25,2026-03-26,2027-06-27,BATCH-20-085-3772,2026-05-09 10:30:44
1359,20,80,208,overstock,36,2026-04-13,2027-10-07,BATCH-20-080-2007,2026-05-09 10:30:44
1360,20,13,9,critical,20,2026-04-10,2026-09-21,BATCH-20-013-5514,2026-05-09 10:30:44
1361,20,29,75,adequate,24,2026-04-21,2028-03-03,BATCH-20-029-6745,2026-05-09 10:30:44
1362,20,15,8,critical,29,2026-05-03,2026-12-04,BATCH-20-015-2483,2026-05-09 10:30:44
1363,20,114,16,low,39,2026-04-28,2026-08-17,BATCH-20-114-4563,2026-05-09 10:30:44
1364,20,95,94,adequate,36,2026-03-28,2027-02-18,BATCH-20-095-3174,2026-05-09 10:30:44
1365,20,58,76,adequate,19,2026-04-02,2027-06-26,BATCH-20-058-7782,2026-05-09 10:30:44
1366,20,42,19,low,24,2026-04-22,2027-10-31,BATCH-20-042-5334,2026-05-09 10:30:44
1367,20,32,6,critical,39,2026-03-28,2028-01-24,BATCH-20-032-8367,2026-05-09 10:30:44
1368,20,55,180,adequate,19,2026-04-04,2028-03-11,BATCH-20-055-4451,2026-05-09 10:30:44
1369,20,8,348,overstock,21,2026-04-17,2028-01-04,BATCH-20-008-5406,2026-05-09 10:30:44
1370,20,110,4,critical,23,2026-05-06,2026-12-03,BATCH-20-110-9471,2026-05-09 10:30:44
1371,20,90,66,adequate,33,2026-04-18,2027-08-23,BATCH-20-090-7191,2026-05-09 10:30:44
1372,20,21,57,adequate,15,2026-04-28,2027-10-12,BATCH-20-021-8790,2026-05-09 10:30:44
1373,20,43,122,adequate,20,2026-04-09,2028-02-17,BATCH-20-043-4050,2026-05-09 10:30:44
1374,20,78,147,adequate,37,2026-04-11,2027-09-19,BATCH-20-078-8759,2026-05-09 10:30:44
1375,20,97,184,adequate,30,2026-03-26,2027-09-21,BATCH-20-097-5918,2026-05-09 10:30:44
1376,20,86,4,critical,28,2026-04-21,2028-03-20,BATCH-20-086-7565,2026-05-09 10:30:44
1377,20,112,73,adequate,34,2026-03-25,2028-01-25,BATCH-20-112-4251,2026-05-09 10:30:44
1378,20,76,371,overstock,40,2026-05-05,2026-11-07,BATCH-20-076-6067,2026-05-09 10:30:44
1379,20,103,148,adequate,20,2026-04-09,2026-08-07,BATCH-20-103-3416,2026-05-09 10:30:44
1380,20,50,20,low,20,2026-04-23,2027-03-03,BATCH-20-050-8152,2026-05-09 10:30:44
1381,20,88,4,critical,15,2026-04-08,2027-01-17,BATCH-20-088-6647,2026-05-09 10:30:44
1382,20,65,9,critical,36,2026-04-14,2027-11-24,BATCH-20-065-4977,2026-05-09 10:30:44
1383,20,87,63,adequate,39,2026-04-30,2027-09-20,BATCH-20-087-6359,2026-05-09 10:30:44
1384,20,99,131,adequate,17,2026-04-16,2027-12-20,BATCH-20-099-1440,2026-05-09 10:30:44
1385,20,44,16,low,26,2026-04-17,2028-01-02,BATCH-20-044-1026,2026-05-09 10:30:44
1386,20,16,196,adequate,19,2026-04-07,2027-02-15,BATCH-20-016-1724,2026-05-09 10:30:44
1387,21,39,464,overstock,34,2026-04-09,2027-10-26,BATCH-21-039-1795,2026-05-09 10:30:44
1388,21,56,156,adequate,26,2026-05-05,2028-04-11,BATCH-21-056-7050,2026-05-09 10:30:44
1389,21,12,20,low,23,2026-04-27,2027-06-03,BATCH-21-012-6847,2026-05-09 10:30:44
1390,21,44,107,adequate,34,2026-05-01,2027-08-07,BATCH-21-044-1599,2026-05-09 10:30:44
1391,21,50,75,adequate,32,2026-05-02,2026-12-14,BATCH-21-050-3369,2026-05-09 10:30:44
1392,21,84,119,adequate,37,2026-03-30,2027-04-13,BATCH-21-084-9577,2026-05-09 10:30:44
1393,21,24,114,adequate,16,2026-04-29,2028-04-21,BATCH-21-024-2656,2026-05-09 10:30:44
1394,21,55,194,adequate,28,2026-04-13,2026-08-29,BATCH-21-055-4013,2026-05-09 10:30:44
1395,21,20,260,overstock,40,2026-04-26,2028-03-13,BATCH-21-020-5275,2026-05-09 10:30:44
1396,21,37,325,overstock,37,2026-05-05,2027-08-25,BATCH-21-037-8748,2026-05-09 10:30:44
1397,21,40,19,low,31,2026-03-27,2026-09-22,BATCH-21-040-7531,2026-05-09 10:30:44
1398,21,116,409,overstock,21,2026-05-07,2027-10-05,BATCH-21-116-3126,2026-05-09 10:30:44
1399,21,87,30,low,18,2026-04-24,2027-03-25,BATCH-21-087-1296,2026-05-09 10:30:44
1400,21,106,187,adequate,38,2026-03-31,2027-11-21,BATCH-21-106-7893,2026-05-09 10:30:44
1401,21,62,130,adequate,32,2026-05-08,2027-07-24,BATCH-21-062-6580,2026-05-09 10:30:44
1402,21,5,149,adequate,21,2026-04-04,2027-01-28,BATCH-21-005-7390,2026-05-09 10:30:44
1403,21,34,29,low,32,2026-04-16,2026-10-31,BATCH-21-034-4400,2026-05-09 10:30:44
1404,21,54,108,adequate,39,2026-04-18,2027-11-12,BATCH-21-054-8657,2026-05-09 10:30:44
1405,21,23,0,out,33,2026-04-11,2027-10-06,BATCH-21-023-1383,2026-05-09 10:30:44
1406,21,21,156,adequate,27,2026-04-04,2026-12-19,BATCH-21-021-7200,2026-05-09 10:30:44
1407,21,51,132,adequate,21,2026-05-01,2028-03-13,BATCH-21-051-5740,2026-05-09 10:30:44
1408,21,88,23,low,26,2026-04-25,2027-10-09,BATCH-21-088-5569,2026-05-09 10:30:44
1409,21,67,193,adequate,31,2026-04-04,2028-02-03,BATCH-21-067-7425,2026-05-09 10:30:44
1410,21,14,26,low,29,2026-04-28,2027-02-04,BATCH-21-014-7554,2026-05-09 10:30:44
1411,21,60,21,low,36,2026-05-02,2027-09-03,BATCH-21-060-7850,2026-05-09 10:30:44
1412,21,11,215,overstock,34,2026-04-24,2026-12-26,BATCH-21-011-9247,2026-05-09 10:30:44
1413,21,45,212,overstock,25,2026-03-30,2027-04-19,BATCH-21-045-3727,2026-05-09 10:30:44
1414,21,99,125,adequate,38,2026-03-31,2027-09-09,BATCH-21-099-9377,2026-05-09 10:30:44
1415,21,13,125,adequate,20,2026-04-08,2027-02-27,BATCH-21-013-6287,2026-05-09 10:30:44
1416,21,115,11,low,29,2026-04-09,2027-04-14,BATCH-21-115-8268,2026-05-09 10:30:44
1417,21,52,257,overstock,40,2026-03-31,2027-07-12,BATCH-21-052-3609,2026-05-09 10:30:44
1418,21,2,11,low,31,2026-04-08,2027-09-05,BATCH-21-002-2152,2026-05-09 10:30:44
1419,21,101,61,adequate,37,2026-05-07,2027-10-30,BATCH-21-101-8877,2026-05-09 10:30:44
1420,21,41,132,adequate,26,2026-04-13,2028-01-12,BATCH-21-041-8209,2026-05-09 10:30:44
1421,21,17,68,adequate,39,2026-04-01,2026-11-29,BATCH-21-017-3768,2026-05-09 10:30:44
1422,21,74,93,adequate,21,2026-04-22,2026-11-14,BATCH-21-074-6407,2026-05-09 10:30:44
1423,21,65,156,adequate,39,2026-04-22,2027-07-23,BATCH-21-065-5838,2026-05-09 10:30:44
1424,21,109,97,adequate,23,2026-03-31,2026-09-12,BATCH-21-109-3294,2026-05-09 10:30:44
1425,21,59,11,low,33,2026-04-15,2027-06-01,BATCH-21-059-6024,2026-05-09 10:30:44
1426,21,89,357,overstock,30,2026-04-10,2027-06-04,BATCH-21-089-3530,2026-05-09 10:30:44
1427,21,63,186,adequate,27,2026-04-22,2027-03-28,BATCH-21-063-1458,2026-05-09 10:30:44
1428,21,90,68,adequate,15,2026-04-22,2027-08-14,BATCH-21-090-9332,2026-05-09 10:30:44
1429,21,113,153,adequate,26,2026-03-28,2027-01-13,BATCH-21-113-9209,2026-05-09 10:30:44
1430,21,7,155,adequate,31,2026-04-08,2027-02-02,BATCH-21-007-8929,2026-05-09 10:30:44
1431,21,120,118,adequate,24,2026-04-25,2027-03-24,BATCH-21-120-3459,2026-05-09 10:30:44
1432,21,78,17,low,29,2026-04-02,2026-08-19,BATCH-21-078-9587,2026-05-09 10:30:44
1433,21,104,39,adequate,35,2026-05-02,2027-07-10,BATCH-21-104-9313,2026-05-09 10:30:44
1434,21,15,9,critical,40,2026-05-05,2027-11-07,BATCH-21-015-9567,2026-05-09 10:30:44
1435,21,58,16,low,22,2026-03-25,2027-11-17,BATCH-21-058-3907,2026-05-09 10:30:44
1436,21,91,10,critical,17,2026-04-26,2026-10-11,BATCH-21-091-3171,2026-05-09 10:30:44
1437,21,48,89,adequate,33,2026-04-01,2027-12-08,BATCH-21-048-8606,2026-05-09 10:30:44
1438,21,61,1,critical,21,2026-04-08,2026-12-04,BATCH-21-061-8240,2026-05-09 10:30:44
1439,21,43,4,critical,34,2026-04-07,2027-06-10,BATCH-21-043-1157,2026-05-09 10:30:44
1440,21,47,195,adequate,33,2026-03-29,2028-04-27,BATCH-21-047-8475,2026-05-09 10:30:44
1441,21,73,339,overstock,30,2026-03-29,2027-02-03,BATCH-21-073-6384,2026-05-09 10:30:44
1442,21,102,196,adequate,23,2026-04-04,2027-04-18,BATCH-21-102-6589,2026-05-09 10:30:44
1443,21,75,27,low,18,2026-04-27,2027-12-19,BATCH-21-075-1106,2026-05-09 10:30:44
1444,21,35,157,adequate,20,2026-05-04,2027-10-23,BATCH-21-035-5991,2026-05-09 10:30:44
1445,21,49,8,critical,20,2026-04-26,2026-11-26,BATCH-21-049-4797,2026-05-09 10:30:44
1446,21,25,20,low,30,2026-05-02,2027-06-10,BATCH-21-025-4445,2026-05-09 10:30:44
1447,21,119,71,adequate,39,2026-04-13,2027-01-29,BATCH-21-119-3587,2026-05-09 10:30:44
1448,21,117,163,adequate,35,2026-03-31,2027-10-07,BATCH-21-117-5413,2026-05-09 10:30:44
1449,21,6,26,low,19,2026-04-19,2027-07-14,BATCH-21-006-6798,2026-05-09 10:30:44
1450,21,10,109,adequate,33,2026-04-13,2027-10-08,BATCH-21-010-1092,2026-05-09 10:30:44
1451,21,1,135,adequate,35,2026-04-30,2027-11-17,BATCH-21-001-5492,2026-05-09 10:30:44
1452,21,22,0,out,24,2026-04-15,2026-08-31,BATCH-21-022-6273,2026-05-09 10:30:44
1453,22,102,145,adequate,20,2026-04-18,2027-11-29,BATCH-22-102-4730,2026-05-09 10:30:44
1454,22,49,97,adequate,34,2026-05-07,2026-12-28,BATCH-22-049-2952,2026-05-09 10:30:44
1455,22,42,155,adequate,31,2026-05-05,2028-01-13,BATCH-22-042-7119,2026-05-09 10:30:44
1456,22,72,0,out,40,2026-04-04,2027-12-23,BATCH-22-072-5630,2026-05-09 10:30:44
1457,22,117,175,adequate,32,2026-05-01,2028-02-02,BATCH-22-117-3592,2026-05-09 10:30:44
1458,22,95,150,adequate,39,2026-05-04,2027-10-22,BATCH-22-095-5536,2026-05-09 10:30:44
1459,22,26,49,adequate,35,2026-04-02,2027-07-20,BATCH-22-026-8439,2026-05-09 10:30:44
1460,22,103,133,adequate,24,2026-05-08,2028-05-06,BATCH-22-103-7388,2026-05-09 10:30:44
1461,22,28,0,out,23,2026-04-24,2028-03-27,BATCH-22-028-6351,2026-05-09 10:30:44
1462,22,80,121,adequate,19,2026-04-26,2027-01-05,BATCH-22-080-4377,2026-05-09 10:30:44
1463,22,65,167,adequate,39,2026-04-30,2028-02-11,BATCH-22-065-6710,2026-05-09 10:30:44
1464,22,57,307,overstock,21,2026-04-19,2027-01-21,BATCH-22-057-7951,2026-05-09 10:30:44
1465,22,36,214,overstock,19,2026-04-10,2026-12-11,BATCH-22-036-7145,2026-05-09 10:30:44
1466,22,14,0,out,29,2026-04-13,2027-02-26,BATCH-22-014-4369,2026-05-09 10:30:44
1467,22,10,54,adequate,31,2026-04-01,2028-01-17,BATCH-22-010-2993,2026-05-09 10:30:44
1468,22,32,14,low,38,2026-04-18,2027-10-06,BATCH-22-032-4129,2026-05-09 10:30:44
1469,22,21,27,low,23,2026-04-06,2026-11-29,BATCH-22-021-8486,2026-05-09 10:30:44
1470,22,118,0,out,26,2026-04-15,2027-06-20,BATCH-22-118-2069,2026-05-09 10:30:44
1471,22,93,52,adequate,30,2026-05-07,2027-05-15,BATCH-22-093-6296,2026-05-09 10:30:44
1472,22,62,4,critical,19,2026-04-05,2027-01-13,BATCH-22-062-3297,2026-05-09 10:30:44
1473,22,120,183,adequate,38,2026-03-27,2027-06-03,BATCH-22-120-7089,2026-05-09 10:30:44
1474,22,76,75,adequate,31,2026-04-29,2027-02-08,BATCH-22-076-6981,2026-05-09 10:30:44
1475,22,61,38,adequate,21,2026-04-19,2027-09-24,BATCH-22-061-7114,2026-05-09 10:30:44
1476,22,6,215,overstock,40,2026-05-07,2027-07-12,BATCH-22-006-1466,2026-05-09 10:30:44
1477,22,85,135,adequate,32,2026-04-14,2028-04-10,BATCH-22-085-9604,2026-05-09 10:30:44
1478,22,50,11,low,17,2026-04-12,2026-10-13,BATCH-22-050-2841,2026-05-09 10:30:44
1479,22,89,426,overstock,19,2026-03-31,2026-08-07,BATCH-22-089-6102,2026-05-09 10:30:44
1480,22,91,113,adequate,26,2026-03-30,2026-11-13,BATCH-22-091-8828,2026-05-09 10:30:44
1481,22,63,63,adequate,31,2026-04-30,2026-12-31,BATCH-22-063-4695,2026-05-09 10:30:44
1482,22,105,103,adequate,22,2026-04-24,2027-04-20,BATCH-22-105-4024,2026-05-09 10:30:44
1483,22,108,149,adequate,31,2026-04-02,2027-05-07,BATCH-22-108-3157,2026-05-09 10:30:44
1484,22,78,179,adequate,38,2026-04-14,2026-09-25,BATCH-22-078-4242,2026-05-09 10:30:44
1485,22,99,218,overstock,40,2026-04-23,2027-01-19,BATCH-22-099-7500,2026-05-09 10:30:44
1486,22,119,154,adequate,21,2026-03-29,2028-03-20,BATCH-22-119-7646,2026-05-09 10:30:44
1487,22,8,190,adequate,32,2026-04-10,2026-12-05,BATCH-22-008-5576,2026-05-09 10:30:44
1488,22,13,117,adequate,23,2026-04-17,2027-12-19,BATCH-22-013-9993,2026-05-09 10:30:44
1489,22,86,163,adequate,17,2026-04-15,2027-10-17,BATCH-22-086-1416,2026-05-09 10:30:44
1490,22,82,435,overstock,18,2026-05-01,2028-02-21,BATCH-22-082-5844,2026-05-09 10:30:44
1491,22,44,20,low,32,2026-05-03,2028-01-05,BATCH-22-044-3991,2026-05-09 10:30:44
1492,22,90,67,adequate,39,2026-05-07,2027-02-26,BATCH-22-090-6798,2026-05-09 10:30:44
1493,22,69,166,adequate,16,2026-04-04,2027-08-13,BATCH-22-069-9838,2026-05-09 10:30:44
1494,22,48,16,low,18,2026-03-26,2027-01-23,BATCH-22-048-4707,2026-05-09 10:30:44
1495,22,109,187,adequate,21,2026-04-21,2026-09-26,BATCH-22-109-7567,2026-05-09 10:30:44
1496,22,37,24,low,25,2026-04-30,2027-06-10,BATCH-22-037-1005,2026-05-09 10:30:44
1497,22,15,9,critical,16,2026-04-12,2026-12-28,BATCH-22-015-3355,2026-05-09 10:30:44
1498,22,98,131,adequate,35,2026-04-12,2027-09-11,BATCH-22-098-4168,2026-05-09 10:30:44
1499,22,18,13,low,19,2026-04-13,2026-12-11,BATCH-22-018-3487,2026-05-09 10:30:44
1500,22,106,19,low,35,2026-05-01,2028-01-22,BATCH-22-106-6098,2026-05-09 10:30:44
1501,22,113,90,adequate,24,2026-05-01,2028-02-12,BATCH-22-113-8444,2026-05-09 10:30:44
1502,22,53,19,low,23,2026-05-01,2027-11-27,BATCH-22-053-7978,2026-05-09 10:30:44
1503,22,20,88,adequate,18,2026-05-03,2028-04-15,BATCH-22-020-6940,2026-05-09 10:30:44
1504,22,70,24,low,35,2026-05-02,2027-05-20,BATCH-22-070-5519,2026-05-09 10:30:44
1505,22,39,329,overstock,26,2026-05-03,2026-08-20,BATCH-22-039-2656,2026-05-09 10:30:44
1506,22,114,180,adequate,22,2026-04-01,2027-10-25,BATCH-22-114-5354,2026-05-09 10:30:44
1507,22,12,8,critical,27,2026-03-31,2028-01-20,BATCH-22-012-7268,2026-05-09 10:30:44
1508,22,94,2,critical,33,2026-05-02,2026-12-05,BATCH-22-094-4909,2026-05-09 10:30:44
1509,22,100,131,adequate,26,2026-03-28,2027-10-31,BATCH-22-100-8548,2026-05-09 10:30:44
1510,22,104,133,adequate,36,2026-05-07,2027-03-16,BATCH-22-104-3961,2026-05-09 10:30:44
1511,22,77,0,out,40,2026-05-07,2027-11-17,BATCH-22-077-5153,2026-05-09 10:30:44
1512,22,35,94,adequate,29,2026-05-05,2027-07-05,BATCH-22-035-8507,2026-05-09 10:30:44
1513,22,87,84,adequate,39,2026-04-03,2027-07-02,BATCH-22-087-7575,2026-05-09 10:30:44
1514,22,43,53,adequate,26,2026-03-30,2028-02-09,BATCH-22-043-4728,2026-05-09 10:30:44
1515,22,17,54,adequate,25,2026-03-30,2027-12-29,BATCH-22-017-4050,2026-05-09 10:30:44
1516,22,81,155,adequate,25,2026-04-10,2027-08-12,BATCH-22-081-3608,2026-05-09 10:30:44
1517,22,34,298,overstock,33,2026-04-19,2028-01-07,BATCH-22-034-5853,2026-05-09 10:30:44
1518,22,71,132,adequate,21,2026-05-03,2026-11-07,BATCH-22-071-7629,2026-05-09 10:30:44
1519,22,19,167,adequate,27,2026-04-30,2027-09-05,BATCH-22-019-2697,2026-05-09 10:30:44
1520,22,45,176,adequate,25,2026-04-24,2027-11-03,BATCH-22-045-1668,2026-05-09 10:30:44
1521,22,2,19,low,22,2026-03-25,2027-03-19,BATCH-22-002-5019,2026-05-09 10:30:44
1522,22,9,68,adequate,24,2026-04-23,2026-08-28,BATCH-22-009-8917,2026-05-09 10:30:44
1523,22,115,172,adequate,21,2026-04-12,2027-02-13,BATCH-22-115-9496,2026-05-09 10:30:44
1524,22,5,97,adequate,40,2026-04-22,2027-10-22,BATCH-22-005-7065,2026-05-09 10:30:44
1525,22,55,169,adequate,17,2026-03-25,2026-12-22,BATCH-22-055-6270,2026-05-09 10:30:44
1526,23,102,29,low,34,2026-05-05,2027-08-08,BATCH-23-102-2960,2026-05-09 10:30:44
1527,23,69,47,adequate,28,2026-04-28,2027-02-22,BATCH-23-069-5076,2026-05-09 10:30:44
1528,23,75,454,overstock,38,2026-05-01,2027-07-12,BATCH-23-075-2459,2026-05-09 10:30:44
1529,23,17,7,critical,27,2026-03-25,2027-12-05,BATCH-23-017-3269,2026-05-09 10:30:44
1530,23,13,110,adequate,20,2026-04-11,2027-04-22,BATCH-23-013-9186,2026-05-09 10:30:44
1531,23,101,5,critical,26,2026-03-28,2026-10-29,BATCH-23-101-6565,2026-05-09 10:30:44
1532,23,65,96,adequate,34,2026-05-05,2028-02-28,BATCH-23-065-1969,2026-05-09 10:30:44
1533,23,91,31,adequate,15,2026-05-08,2027-07-07,BATCH-23-091-7303,2026-05-09 10:30:44
1534,23,61,126,adequate,20,2026-04-26,2028-05-03,BATCH-23-061-9162,2026-05-09 10:30:44
1535,23,119,22,low,34,2026-04-15,2028-03-16,BATCH-23-119-3898,2026-05-09 10:30:44
1536,23,41,69,adequate,15,2026-03-30,2026-09-15,BATCH-23-041-9807,2026-05-09 10:30:44
1537,23,14,105,adequate,26,2026-03-26,2027-02-07,BATCH-23-014-9494,2026-05-09 10:30:44
1538,23,104,26,low,34,2026-04-17,2027-11-15,BATCH-23-104-9978,2026-05-09 10:30:44
1539,23,106,172,adequate,25,2026-04-23,2027-08-16,BATCH-23-106-3316,2026-05-09 10:30:44
1540,23,78,17,low,26,2026-05-05,2027-12-11,BATCH-23-078-2618,2026-05-09 10:30:44
1541,23,30,165,adequate,33,2026-03-25,2028-02-02,BATCH-23-030-9547,2026-05-09 10:30:44
1542,23,93,103,adequate,19,2026-04-10,2027-02-25,BATCH-23-093-5799,2026-05-09 10:30:44
1543,23,45,394,overstock,17,2026-04-07,2026-08-31,BATCH-23-045-9048,2026-05-09 10:30:44
1544,23,92,9,critical,24,2026-04-07,2027-05-28,BATCH-23-092-1903,2026-05-09 10:30:44
1545,23,90,53,adequate,33,2026-04-02,2028-02-13,BATCH-23-090-3840,2026-05-09 10:30:44
1546,23,83,38,adequate,24,2026-04-14,2027-02-15,BATCH-23-083-6763,2026-05-09 10:30:44
1547,23,71,469,overstock,20,2026-04-06,2027-08-21,BATCH-23-071-1732,2026-05-09 10:30:44
1548,23,29,314,overstock,37,2026-04-18,2026-10-20,BATCH-23-029-4335,2026-05-09 10:30:44
1549,23,60,34,adequate,27,2026-04-25,2026-12-04,BATCH-23-060-5758,2026-05-09 10:30:44
1550,23,35,0,out,22,2026-04-15,2027-09-22,BATCH-23-035-1733,2026-05-09 10:30:44
1551,23,74,18,low,28,2026-03-26,2028-03-13,BATCH-23-074-6074,2026-05-09 10:30:44
1552,23,7,24,low,28,2026-04-14,2027-05-18,BATCH-23-007-4104,2026-05-09 10:30:44
1553,23,59,184,adequate,35,2026-03-25,2027-09-15,BATCH-23-059-1684,2026-05-09 10:30:44
1554,23,80,200,adequate,17,2026-03-29,2026-12-02,BATCH-23-080-2888,2026-05-09 10:30:44
1555,23,57,13,low,25,2026-04-28,2027-04-26,BATCH-23-057-7524,2026-05-09 10:30:44
1556,23,64,20,low,18,2026-05-01,2027-09-15,BATCH-23-064-4311,2026-05-09 10:30:44
1557,23,76,266,overstock,31,2026-05-06,2027-11-30,BATCH-23-076-8844,2026-05-09 10:30:44
1558,23,56,4,critical,17,2026-03-25,2026-10-15,BATCH-23-056-4960,2026-05-09 10:30:44
1559,23,9,67,adequate,34,2026-05-06,2028-01-04,BATCH-23-009-4096,2026-05-09 10:30:44
1560,23,22,176,adequate,19,2026-04-17,2027-04-20,BATCH-23-022-3875,2026-05-09 10:30:44
1561,23,3,131,adequate,19,2026-04-20,2028-01-06,BATCH-23-003-2042,2026-05-09 10:30:44
1562,23,72,21,low,15,2026-04-10,2026-10-17,BATCH-23-072-5026,2026-05-09 10:30:44
1563,23,58,72,adequate,32,2026-04-18,2026-10-04,BATCH-23-058-2824,2026-05-09 10:30:44
1564,23,84,167,adequate,34,2026-04-28,2027-07-02,BATCH-23-084-7068,2026-05-09 10:30:44
1565,23,8,0,out,15,2026-04-02,2026-10-05,BATCH-23-008-7349,2026-05-09 10:30:44
1566,23,103,191,adequate,33,2026-04-04,2026-10-21,BATCH-23-103-1324,2026-05-09 10:30:44
1567,23,62,196,adequate,24,2026-03-26,2028-04-28,BATCH-23-062-7336,2026-05-09 10:30:44
1568,23,19,187,adequate,26,2026-03-29,2027-11-15,BATCH-23-019-8850,2026-05-09 10:30:44
1569,23,87,385,overstock,22,2026-04-29,2027-05-27,BATCH-23-087-3856,2026-05-09 10:30:44
1570,23,46,389,overstock,38,2026-05-07,2027-10-23,BATCH-23-046-5912,2026-05-09 10:30:44
1571,23,77,24,low,27,2026-04-30,2027-08-03,BATCH-23-077-4409,2026-05-09 10:30:44
1572,23,36,432,overstock,29,2026-04-14,2027-11-24,BATCH-23-036-6956,2026-05-09 10:30:44
1573,23,73,166,adequate,22,2026-04-25,2027-02-18,BATCH-23-073-4188,2026-05-09 10:30:44
1574,23,33,481,overstock,39,2026-04-12,2027-08-25,BATCH-23-033-6028,2026-05-09 10:30:44
1575,23,4,26,low,35,2026-04-10,2027-06-10,BATCH-23-004-7752,2026-05-09 10:30:44
1576,23,63,4,critical,36,2026-04-14,2028-01-18,BATCH-23-063-8074,2026-05-09 10:30:44
1577,23,88,11,low,33,2026-03-27,2027-01-30,BATCH-23-088-5478,2026-05-09 10:30:44
1578,23,18,406,overstock,33,2026-04-26,2027-01-08,BATCH-23-018-7738,2026-05-09 10:30:44
1579,23,51,155,adequate,34,2026-03-30,2028-02-01,BATCH-23-051-1578,2026-05-09 10:30:44
1580,23,28,36,adequate,16,2026-04-17,2026-11-07,BATCH-23-028-6133,2026-05-09 10:30:44
1581,23,100,310,overstock,24,2026-05-04,2027-08-13,BATCH-23-100-6169,2026-05-09 10:30:44
1582,23,40,117,adequate,24,2026-04-19,2026-11-18,BATCH-23-040-3618,2026-05-09 10:30:44
1583,23,96,261,overstock,32,2026-03-30,2027-09-30,BATCH-23-096-3593,2026-05-09 10:30:44
1584,23,120,94,adequate,36,2026-04-29,2027-11-05,BATCH-23-120-2590,2026-05-09 10:30:44
1585,23,44,152,adequate,30,2026-04-28,2026-08-27,BATCH-23-044-6937,2026-05-09 10:30:44
1586,23,20,430,overstock,15,2026-04-07,2028-03-09,BATCH-23-020-6633,2026-05-09 10:30:44
1587,23,86,48,adequate,19,2026-03-30,2027-06-10,BATCH-23-086-7449,2026-05-09 10:30:44
1588,23,15,365,overstock,24,2026-05-03,2027-08-05,BATCH-23-015-9105,2026-05-09 10:30:44
1589,23,37,0,out,23,2026-04-26,2028-01-14,BATCH-23-037-5591,2026-05-09 10:30:44
1590,23,52,286,overstock,16,2026-03-28,2027-04-08,BATCH-23-052-6023,2026-05-09 10:30:44
1591,23,82,21,low,38,2026-03-27,2027-11-19,BATCH-23-082-2314,2026-05-09 10:30:44
1592,23,27,190,adequate,38,2026-04-02,2026-08-26,BATCH-23-027-5959,2026-05-09 10:30:44
1593,24,26,0,out,27,2026-04-18,2028-05-08,BATCH-24-026-9672,2026-05-09 10:30:44
1594,24,116,26,low,30,2026-04-20,2028-04-04,BATCH-24-116-2003,2026-05-09 10:30:44
1595,24,61,51,adequate,21,2026-04-22,2027-01-01,BATCH-24-061-9880,2026-05-09 10:30:44
1596,24,49,50,adequate,20,2026-04-18,2027-03-28,BATCH-24-049-3661,2026-05-09 10:30:44
1597,24,50,184,adequate,31,2026-03-29,2027-05-26,BATCH-24-050-4575,2026-05-09 10:30:44
1598,24,5,166,adequate,35,2026-03-26,2027-04-21,BATCH-24-005-5611,2026-05-09 10:30:44
1599,24,89,47,adequate,26,2026-05-05,2028-05-02,BATCH-24-089-8046,2026-05-09 10:30:44
1600,24,87,8,critical,33,2026-04-15,2028-04-18,BATCH-24-087-2079,2026-05-09 10:30:44
1601,24,35,122,adequate,26,2026-04-07,2027-06-10,BATCH-24-035-9013,2026-05-09 10:30:44
1602,24,90,181,adequate,16,2026-03-25,2027-08-03,BATCH-24-090-7713,2026-05-09 10:30:44
1603,24,117,134,adequate,29,2026-04-10,2027-01-10,BATCH-24-117-3327,2026-05-09 10:30:44
1604,24,43,37,adequate,40,2026-04-18,2027-09-01,BATCH-24-043-3447,2026-05-09 10:30:44
1605,24,47,200,adequate,19,2026-04-01,2027-02-11,BATCH-24-047-4555,2026-05-09 10:30:44
1606,24,103,7,critical,25,2026-04-26,2026-08-29,BATCH-24-103-9148,2026-05-09 10:30:44
1607,24,66,102,adequate,21,2026-04-07,2028-04-19,BATCH-24-066-9177,2026-05-09 10:30:44
1608,24,101,46,adequate,18,2026-05-04,2027-07-04,BATCH-24-101-8810,2026-05-09 10:30:44
1609,24,55,163,adequate,40,2026-04-25,2027-10-07,BATCH-24-055-9036,2026-05-09 10:30:44
1610,24,53,0,out,36,2026-03-30,2027-10-20,BATCH-24-053-2996,2026-05-09 10:30:44
1611,24,91,118,adequate,40,2026-03-25,2026-12-16,BATCH-24-091-7054,2026-05-09 10:30:44
1612,24,44,35,adequate,26,2026-04-12,2027-04-16,BATCH-24-044-4431,2026-05-09 10:30:44
1613,24,17,444,overstock,40,2026-04-21,2028-02-26,BATCH-24-017-6582,2026-05-09 10:30:44
1614,24,45,63,adequate,40,2026-03-29,2028-03-15,BATCH-24-045-4750,2026-05-09 10:30:44
1615,24,93,94,adequate,33,2026-04-08,2026-08-26,BATCH-24-093-6135,2026-05-09 10:30:44
1616,24,34,68,adequate,17,2026-04-05,2027-12-22,BATCH-24-034-8580,2026-05-09 10:30:44
1617,24,71,146,adequate,39,2026-04-26,2027-05-16,BATCH-24-071-3344,2026-05-09 10:30:44
1618,24,25,94,adequate,35,2026-05-08,2027-07-08,BATCH-24-025-6835,2026-05-09 10:30:44
1619,24,63,68,adequate,25,2026-04-07,2027-06-24,BATCH-24-063-9786,2026-05-09 10:30:44
1620,24,37,30,low,24,2026-05-05,2027-02-22,BATCH-24-037-9577,2026-05-09 10:30:44
1621,24,112,127,adequate,37,2026-05-08,2027-06-08,BATCH-24-112-5276,2026-05-09 10:30:44
1622,24,11,11,low,17,2026-04-15,2027-11-26,BATCH-24-011-3418,2026-05-09 10:30:44
1623,24,58,71,adequate,39,2026-04-18,2026-11-25,BATCH-24-058-5481,2026-05-09 10:30:44
1624,24,86,147,adequate,20,2026-04-01,2026-12-16,BATCH-24-086-6288,2026-05-09 10:30:44
1625,24,102,483,overstock,30,2026-04-15,2026-12-30,BATCH-24-102-6165,2026-05-09 10:30:44
1626,24,114,37,adequate,35,2026-04-18,2027-09-16,BATCH-24-114-3916,2026-05-09 10:30:44
1627,24,41,113,adequate,39,2026-04-02,2026-09-16,BATCH-24-041-9383,2026-05-09 10:30:44
1628,24,106,3,critical,19,2026-04-29,2026-11-19,BATCH-24-106-9565,2026-05-09 10:30:44
1629,24,15,13,low,25,2026-05-03,2027-10-03,BATCH-24-015-6629,2026-05-09 10:30:44
1630,24,3,170,adequate,31,2026-04-12,2027-09-16,BATCH-24-003-3539,2026-05-09 10:30:44
1631,24,100,145,adequate,18,2026-04-22,2027-03-27,BATCH-24-100-4920,2026-05-09 10:30:44
1632,24,14,9,critical,30,2026-05-06,2026-09-19,BATCH-24-014-4588,2026-05-09 10:30:44
1633,24,32,159,adequate,25,2026-04-14,2027-09-16,BATCH-24-032-1315,2026-05-09 10:30:44
1634,24,10,37,adequate,32,2026-05-04,2026-09-17,BATCH-24-010-4278,2026-05-09 10:30:44
1635,24,23,180,adequate,15,2026-04-16,2026-10-28,BATCH-24-023-7031,2026-05-09 10:30:44
1636,24,48,85,adequate,32,2026-05-08,2028-05-05,BATCH-24-048-5610,2026-05-09 10:30:44
1637,24,9,27,low,21,2026-03-31,2027-04-26,BATCH-24-009-6480,2026-05-09 10:30:44
1638,24,20,23,low,29,2026-05-07,2027-11-06,BATCH-24-020-9385,2026-05-09 10:30:44
1639,24,74,59,adequate,27,2026-05-02,2027-03-05,BATCH-24-074-4279,2026-05-09 10:30:44
1640,24,31,182,adequate,26,2026-04-09,2026-10-01,BATCH-24-031-4765,2026-05-09 10:30:44
1641,24,12,161,adequate,24,2026-05-08,2027-03-16,BATCH-24-012-3964,2026-05-09 10:30:44
1642,24,79,130,adequate,29,2026-04-13,2028-04-14,BATCH-24-079-3707,2026-05-09 10:30:44
1643,24,2,347,overstock,40,2026-03-27,2027-04-18,BATCH-24-002-2272,2026-05-09 10:30:44
1644,24,70,189,adequate,15,2026-04-21,2026-08-07,BATCH-24-070-5971,2026-05-09 10:30:44
1645,24,105,55,adequate,26,2026-04-25,2027-02-18,BATCH-24-105-7933,2026-05-09 10:30:44
1646,24,96,102,adequate,35,2026-05-07,2027-06-07,BATCH-24-096-1573,2026-05-09 10:30:44
1647,24,75,98,adequate,40,2026-04-25,2026-12-08,BATCH-24-075-1497,2026-05-09 10:30:44
1648,24,59,34,adequate,17,2026-04-23,2027-11-16,BATCH-24-059-5475,2026-05-09 10:30:44
1649,24,109,26,low,21,2026-05-04,2027-09-18,BATCH-24-109-7183,2026-05-09 10:30:44
1650,24,51,0,out,20,2026-05-08,2028-03-19,BATCH-24-051-1721,2026-05-09 10:30:44
1651,24,64,153,adequate,40,2026-04-21,2026-08-31,BATCH-24-064-5455,2026-05-09 10:30:44
1652,24,7,201,overstock,35,2026-05-06,2028-03-05,BATCH-24-007-8132,2026-05-09 10:30:44
1653,24,40,43,adequate,26,2026-05-03,2028-04-10,BATCH-24-040-7017,2026-05-09 10:30:44
1654,24,8,72,adequate,36,2026-04-15,2028-02-22,BATCH-24-008-9859,2026-05-09 10:30:44
1655,24,4,24,low,27,2026-04-15,2027-11-28,BATCH-24-004-6692,2026-05-09 10:30:44
1656,24,46,169,adequate,26,2026-04-11,2026-11-03,BATCH-24-046-5148,2026-05-09 10:30:44
1657,24,76,196,adequate,29,2026-04-04,2027-01-22,BATCH-24-076-1700,2026-05-09 10:30:44
1658,24,13,118,adequate,35,2026-04-28,2028-03-16,BATCH-24-013-3285,2026-05-09 10:30:44
1659,24,77,415,overstock,18,2026-04-06,2028-02-15,BATCH-24-077-1687,2026-05-09 10:30:44
1660,24,6,96,adequate,36,2026-04-28,2027-03-27,BATCH-24-006-6486,2026-05-09 10:30:44
1661,24,72,171,adequate,31,2026-03-27,2027-09-13,BATCH-24-072-4589,2026-05-09 10:30:44
1662,24,107,88,adequate,19,2026-03-25,2027-02-15,BATCH-24-107-1009,2026-05-09 10:30:44
1663,24,57,157,adequate,17,2026-03-25,2027-06-16,BATCH-24-057-4962,2026-05-09 10:30:44
1664,24,94,169,adequate,21,2026-05-07,2026-08-23,BATCH-24-094-1509,2026-05-09 10:30:44
1665,25,16,0,out,34,2026-04-12,2026-11-12,BATCH-25-016-1168,2026-05-09 10:30:44
1666,25,27,160,adequate,17,2026-04-06,2027-02-08,BATCH-25-027-8588,2026-05-09 10:30:44
1667,25,24,23,low,23,2026-04-01,2026-12-05,BATCH-25-024-9466,2026-05-09 10:30:44
1668,25,106,72,adequate,24,2026-03-31,2027-07-12,BATCH-25-106-7991,2026-05-09 10:30:44
1669,25,100,3,critical,30,2026-04-23,2026-08-12,BATCH-25-100-7345,2026-05-09 10:30:44
1670,25,88,42,adequate,20,2026-04-24,2027-07-21,BATCH-25-088-9083,2026-05-09 10:30:44
1671,25,10,14,low,19,2026-04-30,2028-04-17,BATCH-25-010-1387,2026-05-09 10:30:44
1672,25,9,36,adequate,37,2026-04-15,2028-02-14,BATCH-25-009-2742,2026-05-09 10:30:44
1673,25,33,142,adequate,37,2026-04-11,2026-10-14,BATCH-25-033-2067,2026-05-09 10:30:44
1674,25,58,6,critical,22,2026-04-30,2026-12-08,BATCH-25-058-1395,2026-05-09 10:30:44
1675,25,120,16,low,36,2026-04-04,2027-08-24,BATCH-25-120-5309,2026-05-09 10:30:44
1676,25,55,136,adequate,32,2026-05-06,2027-04-01,BATCH-25-055-4316,2026-05-09 10:30:44
1677,25,46,23,low,16,2026-04-06,2026-08-19,BATCH-25-046-2847,2026-05-09 10:30:44
1678,25,85,166,adequate,24,2026-04-30,2027-06-30,BATCH-25-085-4992,2026-05-09 10:30:44
1679,25,52,200,adequate,30,2026-04-08,2027-03-14,BATCH-25-052-2622,2026-05-09 10:30:44
1680,25,2,28,low,36,2026-04-30,2028-01-11,BATCH-25-002-3382,2026-05-09 10:30:44
1681,25,90,162,adequate,33,2026-04-28,2027-04-16,BATCH-25-090-7774,2026-05-09 10:30:44
1682,25,77,98,adequate,16,2026-04-11,2026-09-19,BATCH-25-077-6250,2026-05-09 10:30:44
1683,25,39,126,adequate,29,2026-03-31,2027-03-25,BATCH-25-039-3086,2026-05-09 10:30:44
1684,25,44,196,adequate,22,2026-03-31,2028-01-22,BATCH-25-044-5712,2026-05-09 10:30:44
1685,25,50,184,adequate,28,2026-05-04,2028-03-04,BATCH-25-050-2390,2026-05-09 10:30:44
1686,25,48,125,adequate,27,2026-04-21,2027-11-25,BATCH-25-048-6594,2026-05-09 10:30:44
1687,25,119,114,adequate,30,2026-04-06,2027-12-19,BATCH-25-119-7325,2026-05-09 10:30:44
1688,25,102,185,adequate,19,2026-04-08,2027-07-18,BATCH-25-102-2490,2026-05-09 10:30:44
1689,25,109,163,adequate,23,2026-03-29,2027-05-08,BATCH-25-109-5444,2026-05-09 10:30:44
1690,25,80,89,adequate,25,2026-04-23,2028-03-08,BATCH-25-080-4133,2026-05-09 10:30:44
1691,25,76,116,adequate,36,2026-04-12,2027-05-19,BATCH-25-076-5323,2026-05-09 10:30:44
1692,25,62,66,adequate,21,2026-03-26,2027-08-12,BATCH-25-062-9892,2026-05-09 10:30:44
1693,25,82,179,adequate,20,2026-05-01,2027-06-01,BATCH-25-082-5047,2026-05-09 10:30:44
1694,25,79,16,low,26,2026-04-23,2027-09-12,BATCH-25-079-8935,2026-05-09 10:30:44
1695,25,94,168,adequate,19,2026-04-22,2028-04-18,BATCH-25-094-2180,2026-05-09 10:30:44
1696,25,6,28,low,17,2026-04-26,2027-04-24,BATCH-25-006-9110,2026-05-09 10:30:44
1697,25,87,101,adequate,33,2026-04-12,2027-02-26,BATCH-25-087-5353,2026-05-09 10:30:44
1698,25,63,7,critical,30,2026-04-11,2027-09-07,BATCH-25-063-6130,2026-05-09 10:30:44
1699,25,5,3,critical,16,2026-05-04,2027-05-18,BATCH-25-005-2760,2026-05-09 10:30:44
1700,25,64,55,adequate,21,2026-05-06,2028-03-09,BATCH-25-064-1981,2026-05-09 10:30:44
1701,25,41,0,out,28,2026-04-23,2027-03-31,BATCH-25-041-4611,2026-05-09 10:30:44
1702,25,45,172,adequate,22,2026-04-29,2026-08-30,BATCH-25-045-6189,2026-05-09 10:30:44
1703,25,4,83,adequate,34,2026-05-07,2027-01-18,BATCH-25-004-2493,2026-05-09 10:30:44
1704,25,112,155,adequate,18,2026-04-23,2027-09-27,BATCH-25-112-4620,2026-05-09 10:30:44
1705,25,61,16,low,23,2026-05-02,2026-08-10,BATCH-25-061-4912,2026-05-09 10:30:44
1706,25,116,184,adequate,29,2026-04-25,2027-04-01,BATCH-25-116-2644,2026-05-09 10:30:44
1707,25,69,144,adequate,38,2026-04-14,2028-04-27,BATCH-25-069-7228,2026-05-09 10:30:44
1708,25,13,0,out,40,2026-04-05,2027-07-23,BATCH-25-013-6276,2026-05-09 10:30:44
1709,25,96,0,out,34,2026-04-25,2027-08-23,BATCH-25-096-3367,2026-05-09 10:30:44
1710,25,83,74,adequate,21,2026-04-25,2027-06-24,BATCH-25-083-6787,2026-05-09 10:30:44
1711,25,115,90,adequate,34,2026-04-08,2026-08-31,BATCH-25-115-4998,2026-05-09 10:30:44
1712,25,92,36,adequate,33,2026-04-16,2027-08-10,BATCH-25-092-7241,2026-05-09 10:30:44
1713,25,49,0,out,28,2026-04-22,2027-07-29,BATCH-25-049-4744,2026-05-09 10:30:44
1714,25,86,26,low,22,2026-04-01,2028-01-18,BATCH-25-086-9698,2026-05-09 10:30:44
1715,25,74,124,adequate,39,2026-04-24,2026-11-07,BATCH-25-074-3601,2026-05-09 10:30:44
1716,25,12,9,critical,31,2026-04-22,2027-11-13,BATCH-25-012-3441,2026-05-09 10:30:44
1717,25,95,19,low,28,2026-04-19,2027-01-24,BATCH-25-095-9528,2026-05-09 10:30:44
1718,25,81,2,critical,35,2026-04-27,2027-05-29,BATCH-25-081-9977,2026-05-09 10:30:44
1719,25,78,91,adequate,40,2026-04-26,2028-04-15,BATCH-25-078-2262,2026-05-09 10:30:44
1720,25,11,2,critical,18,2026-04-09,2028-02-24,BATCH-25-011-7044,2026-05-09 10:30:44
1721,25,32,78,adequate,40,2026-05-08,2027-07-06,BATCH-25-032-3814,2026-05-09 10:30:44
1722,25,47,159,adequate,16,2026-04-13,2026-12-23,BATCH-25-047-3736,2026-05-09 10:30:44
1723,25,54,3,critical,33,2026-04-21,2027-11-23,BATCH-25-054-5027,2026-05-09 10:30:44
1724,25,108,72,adequate,17,2026-04-14,2026-12-24,BATCH-25-108-1009,2026-05-09 10:30:44
1725,25,84,26,low,32,2026-04-13,2028-01-26,BATCH-25-084-8645,2026-05-09 10:30:44
1726,25,7,496,overstock,37,2026-04-13,2027-04-21,BATCH-25-007-9576,2026-05-09 10:30:44
1727,25,30,265,overstock,40,2026-05-06,2027-03-06,BATCH-25-030-2202,2026-05-09 10:30:44
1728,25,25,60,adequate,27,2026-04-14,2027-06-09,BATCH-25-025-7121,2026-05-09 10:30:44
1729,25,99,0,out,28,2026-03-29,2027-01-04,BATCH-25-099-8371,2026-05-09 10:30:44
1730,25,22,132,adequate,19,2026-05-07,2027-03-27,BATCH-25-022-8193,2026-05-09 10:30:44
1731,25,110,25,low,21,2026-04-09,2026-12-18,BATCH-25-110-7812,2026-05-09 10:30:44
1732,25,97,252,overstock,24,2026-04-15,2026-09-30,BATCH-25-097-6743,2026-05-09 10:30:44
1733,25,31,50,adequate,26,2026-04-06,2028-02-22,BATCH-25-031-8816,2026-05-09 10:30:44
